region,Resource,technology,cluster,R_ID,Zone,CapRes,THERM,VRE,MUST_RUN,STOR,FLEX,HEAT,NACC,TRADER,HYDRO,LDS,ESR_1,MGA,Min_Share,Max_Share,Existing_Cap_MWh,Existing_Cap_MW,num_units,unmodified_existing_cap_mw,New_Build,Cap_Size,Min_Cap_MW,Max_Cap_MW,Min_Cap_MWh,Max_Cap_MWh,Max_Charge_Cap_MW,Min_Charge_Cap_MW,Min_Share_percent,Max_Share_percent,capex_mw,Inv_Cost_per_MWyr,Fixed_OM_Cost_per_MWyr,capex_mwh,Inv_Cost_per_MWhyr,Fixed_OM_Cost_per_MWhyr,Var_OM_Cost_per_MWh,Var_OM_Cost_per_MWh_In,Inv_Cost_Charge_per_MWyr,Fixed_OM_Cost_Charge_per_MWyr,Externality_cost_MWh,Start_Cost_per_MW,Start_Fuel_MMBTU_per_MW,Heat_Rate_MMBTU_per_MWh,heat_rate_mmbtu_mwh_iqr,heat_rate_mmbtu_mwh_std,Fuel,Min_Power,Self_Disch,Eff_Up,Eff_Down,Ratio_power_to_energy,Min_Duration,Max_Duration,Flexible_Demand_Energy_Eff,Max_DSM_delay,Max_Flexible_Demand_Delay,Max_Flexible_Demand_Advance,Ramp_Up_Percentage,Ramp_Dn_Percentage,Up_Time,Down_Time,NACC_Eff,NACC_Peak_to_Base,Num_VRE_Bins,regional_cost_multiplier,lcoe,wacc_real,cap_recovery_years,Hydro_level,Existing_Charge_Cap_MW,unit_id_pudl,CF,plant_id_eia,fixed_o_m_mw_std,spur_miles,spur_capex,offshore_spur_miles,offshore_spur_capex,tx_miles,tx_capex,interconnect_annuity,CO2_Capture_Cost_per_Metric_Ton,co2_pipeline_annuity_mw,co2_pipeline_capex_mw,storage_cost_tonne,tonne_co2_captured_mwh,co2_cost_mwh,Reg_Cost,Rsv_Cost,Commit
ERC_PHDL,ERC_PHDL_batteries_1,Batteries,1,1,1,0.0,0,0,0,1,0,0.0,0.0,0.0,0,0,0.0,0,0.0,0.0,1600.0,200.0,1.0,200.0,-1,200.0,0.0,0.0,-1.0,-1.0,0.0,0.0,0.0,0.0,0.0,0,6235,0.0,0,0,0.0,0.0,0.0,0.0,0.0,0.0,0.0,10.34,0.0,0.0,None,0.0,0.0,0.92,0.92,0.0,1.0,10.0,0.0,0.0,0.0,0.0,1.0,1.0,0,0,0.0,0.0,0,0.0,0.0,0.0,0.0,0.0,0,0.0,0.0,0,0.0,0.0,0.0,0.0,0.0,0.0,0.0,0.0,0.0,0.0,0.0,0.0,0.0,0.0,0.0,0.0,0
ERC_PHDL,ERC_PHDL_onshore_wind_turbine_1,Onshore Wind Turbine,1,2,1,0.0,0,1,0,0,0,0.0,0.0,0.0,0,0,0.0,1,0.0,0.0,0.0,4874.3,29.0,4874.291,0,168.08,0.0,0.0,-1.0,-1.0,0.0,0.0,0.0,0.0,0.0,0,43000,0.0,0,0,0.0,0.0,0.0,0.0,0.0,0.0,0.0,10.34,0.0,0.0,None,0.0,0.0,1.0,1.0,0.0,0.0,0.0,0.0,0.0,0.0,0.0,1.0,1.0,0,0,0.0,0.0,1,0.0,0.0,0.0,0.0,0.0,0,0.0,0.0,"[55579, 56648, 56673, 56773, 58242, 58363, 58404, 58596, 58681, 58720, 58765, 58772, 58773, 58774, 58775, 59005, 59068, 59243, 59384, 59621, 59734, 59971, 60087, 60210, 60366, 60414, 60856, 61589, 61589]",0.0,0.0,0.0,0.0,0.0,0.0,0.0,0.0,0.0,0.0,0.0,0.0,0.0,0.0,0.0,0.0,0
ERC_PHDL,ERC_PHDL_solar_photovoltaic_1,Solar Photovoltaic,1,3,1,0.0,0,1,0,0,0,0.0,0.0,0.0,0,0,0.0,1,0.0,0.0,0.0,1015.0,2.0,1015.0,0,507.5,0.0,0.0,-1.0,-1.0,0.0,0.0,0.0,0.0,0.0,0,22623,0.0,0,0,0.0,0.0,0.0,0.0,0.0,0.0,0.0,10.34,0.0,0.0,None,0.0,0.0,1.0,1.0,0.0,0.0,0.0,0.0,0.0,0.0,0.0,1.0,1.0,0,0,0.0,0.0,1,0.0,0.0,0.0,0.0,0.0,0,0.0,0.0,"[65310, 65463]",0.0,0.0,0.0,0.0,0.0,0.0,0.0,0.0,0.0,0.0,0.0,0.0,0.0,0.0,0.0,0.0,0
ERC_REST,ERC_REST_batteries_1,Batteries,1,4,2,0.0,0,0,0,1,0,0.0,0.0,0.0,0,0,0.0,0,0.0,0.0,13006.9,2666.9,47.0,2666.921,-1,56.74,0.0,0.0,-1.0,-1.0,0.0,0.0,0.0,0.0,0.0,0,6235,0.0,0,0,0.0,0.0,0.0,0.0,0.0,0.0,0.0,10.34,0.0,0.0,None,0.0,0.0,0.92,0.92,0.0,1.0,10.0,0.0,0.0,0.0,0.0,1.0,1.0,0,0,0.0,0.0,0,0.0,0.0,0.0,0.0,0.0,0,0.0,0.0,"[8063, 59118, 60649, 61741, 62609, 62753, 63737, 63757, 63892, 64089, 64202, 64293, 64295, 64296, 64297, 64298, 64312, 64314, 64315, 64316, 64317, 64318, 64318, 64319, 64321, 64322, 64322, 64425, 64528, 64672, 65028, 65259, 65271, 65410, 65493, 65694, 65695, 65699, 65700, 65701, 65809, 65829, 65830, 65837, 66137, 66420, 66616]",0.0,0.0,0.0,0.0,0.0,0.0,0.0,0.0,0.0,0.0,0.0,0.0,0.0,0.0,0.0,0.0,0
ERC_REST,ERC_REST_biomass_1,Biomass,1,5,2,0.0,0,0,1,0,0,0.0,0.0,0.0,0,0,0.0,1,0.0,0.0,0.0,29.4,24.0,150.096,-1,1.23,0.0,0.0,-1.0,-1.0,0.0,0.0,0.0,0.0,0.0,0,150850,0.0,0,0,6.04,0.0,0.0,0.0,0.0,0.0,0.0,14.05,2.157,1.125,None,0.606,0.0,1.0,1.0,0.0,0.0,0.0,0.0,0.0,0.0,0.0,1.0,1.0,0,0,0.0,0.0,0,0.0,0.0,0.0,0.0,0.0,0,0.0,0.0,"[54338, 55708, 56524, 56524, 56524, 56864, 56864, 56864, 56864, 56864, 56864, 57020, 57020, 57165, 57165, 57167, 57167, 58946, 58946, 58946, 59649, 59649, 59649, 59649]",0.0,0.0,0.0,0.0,0.0,0.0,0.0,0.0,0.0,0.0,0.0,0.0,0.0,0.0,0.0,0.0,0
ERC_REST,ERC_REST_conventional_hydroelectric_1,Conventional Hydroelectric,1,6,2,0.0,0,0,0,0,0,0.0,0.0,0.0,1,1,0.0,0,0.0,0.0,0.0,483.0,22.0,483.01,-1,21.96,0.0,0.0,-1.0,-1.0,0.0,0.0,0.0,0.0,0.0,0,49259,0.0,0,0,0.0,0.0,0.0,0.0,0.0,0.0,0.0,10.34,0.0,0.0,None,0.0,0.0,1.0,1.0,0.0,0.0,0.0,0.0,0.0,0.0,0.0,0.5,0.5,0,0,0.0,0.0,0,0.0,0.0,0.0,0.0,0.5,0,0.0,0.0,"[3582, 3582, 3584, 3595, 3595, 3595, 3597, 3597, 3599, 3599, 3600, 3600, 3600, 6128, 6128, 6410, 6410, 6410, 6414, 6414, 6416, 6416]",0.0,0.0,0.0,0.0,0.0,0.0,0.0,0.0,0.0,0.0,0.0,0.0,0.0,0.0,0.0,0.0,0
ERC_REST,ERC_REST_conventional_steam_coal_1,Conventional Steam Coal,1,7,2,0.0,1,0,0,0,0,0.0,0.0,0.0,0,0,0.0,1,0.0,0.0,0.0,12290.6,20.0,12290.6,0,614.53,0.0,0.0,-1.0,-1.0,0.0,0.0,0.0,0.0,0.0,0,65619,0.0,0,0,1.97,0.0,0.0,0.0,0.0,130.0,16.5,10.67,1.189,0.892,east_south_central_coal,0.315,0.0,1.0,1.0,0.0,0.0,0.0,0.0,0.0,0.0,0.0,0.57,0.57,24,24,0.0,0.0,0,0.0,0.0,0.0,0.0,0.0,0,0.0,0.0,"[3470, 3470, 3470, 3470, 6139, 6139, 6146, 6146, 6146, 6179, 6179, 6179, 6180, 6180, 6183, 7030, 7030, 7097, 7097, 56611]",6352.615,0.0,0.0,0.0,0.0,0.0,0.0,0.0,0.0,0.0,0.0,0.0,0.0,0.0,0.0,0.0,1
ERC_REST,ERC_REST_natural_gas_fired_combined_cycle_1,Natural Gas Fired Combined Cycle,1,8,2,0.0,1,0,0,0,0,0.0,0.0,0.0,0,0,0.0,1,0.0,0.0,0.0,31954.6,60.0,31954.62,0,532.58,0.0,0.0,-1.0,-1.0,0.0,0.0,0.0,0.0,0.0,0,11369,0.0,0,0,3.76,0.0,0.0,0.0,0.0,96.0,2.0,7.91,1.375,1.302,east_south_central_naturalgas,0.464,0.0,1.0,1.0,0.0,0.0,0.0,0.0,0.0,0.0,0.0,0.64,0.64,6,6,0.0,0.0,0,0.0,0.0,0.0,0.0,0.0,0,0.0,0.0,"[3441, 3469, 3469, 4937, 4939, 7512, 10554, 10554, 10554, 10554, 50815, 55047, 55047, 55062, 55062, 55062, 55062, 55091, 55091, 55091, 55091, 55091, 55091, 55097, 55097, 55123, 55132, 55132, 55132, 55132, 55137, 55139, 55144, 55153, 55154, 55168, 55172, 55172, 55187, 55226, 55226, 55230, 55230, 55299, 55320, 55327, 55357, 55464, 55470, 55470, 55480, 55545, 56350, 56350, 56806, 58001, 58001, 58005, 59812, 60122]",1266.419,0.0,0.0,0.0,0.0,0.0,0.0,0.0,0.0,0.0,0.0,0.0,0.0,0.0,0.0,0.0,1
ERC_REST,ERC_REST_natural_gas_fired_combined_cycle_2,Natural Gas Fired Combined Cycle,2,9,2,0.0,1,0,0,0,0,0.0,0.0,0.0,0,0,0.0,1,0.0,0.0,0.0,6402.8,26.0,6402.812,0,246.26,0.0,0.0,-1.0,-1.0,0.0,0.0,0.0,0.0,0.0,0,16598,0.0,0,0,4.61,0.0,0.0,0.0,0.0,96.0,2.0,12.13,4.396,4.596,east_south_central_naturalgas,0.432,0.0,1.0,1.0,0.0,0.0,0.0,0.0,0.0,0.0,0.0,0.64,0.64,6,6,0.0,0.0,0,0.0,0.0,0.0,0.0,0.0,0,0.0,0.0,"[3443, 3559, 3631, 7900, 50043, 50109, 50118, 52088, 52120, 52120, 52120, 52120, 52120, 52132, 52132, 52132, 54676, 54817, 55086, 55206, 55223, 55313, 55480, 56152, 58151, 58151]",854.282,0.0,0.0,0.0,0.0,0.0,0.0,0.0,0.0,0.0,0.0,0.0,0.0,0.0,0.0,0.0,1
ERC_REST,ERC_REST_natural_gas_fired_combustion_turbine_1,Natural Gas Fired Combustion Turbine,1,10,2,0.0,1,0,0,0,0,0.0,0.0,0.0,0,0,0.0,1,0.0,0.0,0.0,6272.3,124.0,6272.292,0,50.58,0.0,0.0,-1.0,-1.0,0.0,0.0,0.0,0.0,0.0,0,11694,0.0,0,0,5.53,0.0,0.0,0.0,0.0,125.0,3.5,9.87,0.168,0.662,east_south_central_naturalgas,0.331,0.0,1.0,1.0,0.0,0.0,0.0,0.0,0.0,0.0,0.0,3.78,3.78,1,1,0.0,0.0,0,0.0,0.0,0.0,0.0,0.0,0,0.0,0.0,"[3439, 3439, 3559, 3576, 3609, 3609, 3609, 3609, 3612, 3612, 3612, 3612, 6243, 6243, 7900, 7900, 7900, 7900, 7900, 7900, 10154, 10154, 10154, 10243, 10261, 10261, 10261, 10261, 10261, 10261, 10692, 10692, 10692, 10692, 10692, 50026, 50054, 50054, 50137, 50150, 50150, 50150, 50150, 50304, 50304, 52120, 54330, 54520, 54520, 55153, 55153, 55311, 56350, 56350, 56374, 56674, 56674, 56674, 56674, 57504, 59145, 59381, 60459, 60459, 60460, 60460, 61241, 61241, 61242, 61242, 61966, 61966, 62548, 62548, 62762, 62762, 63335, 63335, 63335, 63335, 63335, 63335, 63335, 63335, 63688, 63688, 63688, 63688, 63688, 63688, 63688, 63688, 63688, 63688, 64383, 64383, 64383, 64383, 64383, 64383, 64383, 64383, 65372, 65372, 65372, 65372, 65372, 65372, 65373, 65373, 65373, 65373, 65373, 65373, 66601, 66601, 66604, 66604, 66604, 66604, 66604, 66604, 66604, 66604]",1803.306,0.0,0.0,0.0,0.0,0.0,0.0,0.0,0.0,0.0,0.0,0.0,0.0,0.0,0.0,0.0,1
ERC_REST,ERC_REST_natural_gas_fired_combustion_turbine_2,Natural Gas Fired Combustion Turbine,2,11,2,0.0,1,0,0,0,0,0.0,0.0,0.0,0,0,0.0,1,0.0,0.0,0.0,3661.0,58.0,3661.018,0,63.12,0.0,0.0,-1.0,-1.0,0.0,0.0,0.0,0.0,0.0,0,11077,0.0,0,0,5.53,0.0,0.0,0.0,0.0,125.0,3.5,13.83,0.385,1.389,east_south_central_naturalgas,0.663,0.0,1.0,1.0,0.0,0.0,0.0,0.0,0.0,0.0,0.0,3.78,3.78,1,1,0.0,0.0,0,0.0,0.0,0.0,0.0,0.0,0,0.0,0.0,"[3464, 3464, 3464, 3464, 3464, 3464, 3469, 3469, 3469, 3469, 3469, 3469, 3469, 3470, 3548, 3548, 3548, 3548, 3561, 3628, 3628, 7325, 7325, 8063, 8063, 8063, 8063, 10298, 10298, 10298, 10298, 10436, 10436, 10436, 10436, 10436, 10436, 10790, 50475, 55015, 55015, 55015, 55015, 55365, 55365, 55365, 55365, 57322, 57504, 58378, 60264, 60264, 60264, 60264, 60264, 60264, 60468, 60910]",1548.984,0.0,0.0,0.0,0.0,0.0,0.0,0.0,0.0,0.0,0.0,0.0,0.0,0.0,0.0,0.0,1
ERC_REST,ERC_REST_natural_gas_steam_turbine_1,Natural Gas Steam Turbine,1,12,2,0.0,1,0,0,0,0,0.0,0.0,0.0,0,0,0.0,1,0.0,0.0,0.0,7733.2,36.0,7733.196,0,214.81,0.0,0.0,-1.0,-1.0,0.0,0.0,0.0,0.0,0.0,0,36289,0.0,0,0,1.1,0.0,0.0,0.0,0.0,92.0,13.7,14.48,4.455,5.403,east_south_central_naturalgas,0.156,0.0,1.0,1.0,0.0,0.0,0.0,0.0,0.0,0.0,0.0,0.57,0.57,24,24,0.0,0.0,0,0.0,0.0,0.0,0.0,0.0,0,0.0,0.0,"[3452, 3452, 3453, 3453, 3453, 3460, 3460, 3491, 3491, 3491, 3504, 3504, 3507, 3576, 3576, 3576, 3601, 3601, 3601, 3628, 3628, 3628, 4195, 4195, 4195, 4266, 4266, 4939, 6243, 10184, 10418, 10418, 50150, 50229, 56708, 56708]",11392.826,0.0,0.0,0.0,0.0,0.0,0.0,0.0,0.0,0.0,0.0,0.0,0.0,0.0,0.0,0.0,1
ERC_REST,ERC_REST_nuclear_1,Nuclear,1,13,2,0.0,1,0,0,0,0,0.0,0.0,0.0,0,0,0.0,1,0.0,0.0,0.0,5120.0,4.0,5120.0,1,1280.0,0.0,0.0,-1.0,-1.0,0.0,0.0,0.0,0.0,0.0,0,202355,0.0,0,0,2.84,0.0,0.0,0.0,0.0,259.0,0.0,10.44,0.0,0.0,east_south_central_uranium,0.5,0.0,1.0,1.0,0.0,0.0,0.0,0.0,0.0,0.0,0.0,0.25,0.25,24,24,0.0,0.0,0,0.0,0.0,0.0,0.0,0.0,0,0.0,0.0,"[6145, 6145, 6251, 6251]",0.0,0.0,0.0,0.0,0.0,0.0,0.0,0.0,0.0,0.0,0.0,0.0,0.0,0.0,0.0,0.0,1
ERC_REST,ERC_REST_onshore_wind_turbine_1,Onshore Wind Turbine,1,14,2,0.0,0,1,0,0,0,0.0,0.0,0.0,0,0,0.0,1,0.0,0.0,0.0,12327.8,63.0,12327.777,0,195.68,0.0,0.0,-1.0,-1.0,0.0,0.0,0.0,0.0,0.0,0,43000,0.0,0,0,0.0,0.0,0.0,0.0,0.0,0.0,0.0,10.34,0.0,0.0,None,0.0,0.0,1.0,1.0,0.0,0.0,0.0,0.0,0.0,0.0,0.0,1.0,1.0,0,0,0.0,0.0,1,0.0,0.0,0.0,0.0,0.0,0,0.0,0.0,"[56661, 56771, 56795, 56983, 57095, 57212, 57260, 57260, 57617, 57751, 57752, 57802, 57927, 58000, 58021, 58080, 58321, 58614, 58766, 59063, 59066, 59118, 59193, 59320, 59321, 59442, 59654, 59712, 60059, 60104, 60217, 60502, 60645, 60743, 60983, 61032, 61212, 61343, 61773, 61776, 61865, 61969, 62207, 62258, 62416, 62417, 62618, 62715, 62783, 62855, 62909, 63100, 63101, 63624, 63738, 63739, 64165, 64591, 65048, 65306, 65760, 65790, 66123]",0.0,0.0,0.0,0.0,0.0,0.0,0.0,0.0,0.0,0.0,0.0,0.0,0.0,0.0,0.0,0.0,0
ERC_REST,ERC_REST_other_peaker_1,Other_peaker,1,15,2,0.0,1,0,0,0,0,0.0,0.0,0.0,0,0,0.0,1,0.0,0.0,0.0,1044.6,662.0,1044.636,0,1.58,0.0,0.0,0.0,0.0,0.0,0.0,0.0,0.0,0.0,0,21000,0.0,0,0,4.48,0.0,0.0,0.0,0.0,92.0,0.0,8.72,1.05,0.726,east_south_central_naturalgas,0.307,0.0,0.0,0.0,0.0,0.0,0.0,0.0,0.0,0.0,0.0,0.0,0.0,0,0,0.0,0.0,0,0.0,0.0,0.0,0.0,0.0,0,0.0,0.0,"[3504, 3504, 3504, 3504, 3504, 3507, 3507, 3559, 3559, 3559, 3559, 3559, 3630, 3630, 3630, 3630, 3630, 3630, 3630, 3630, 3630, 3630, 3630, 3630, 3630, 3630, 3630, 3630, 3630, 3630, 3630, 3630, 3630, 3630, 3630, 3630, 3631, 3631, 4195, 4195, 4195, 10184, 10184, 54338, 54520, 54520, 55053, 55053, 55053, 55053, 55053, 55053, 55053, 55053, 55053, 55053, 55053, 55053, 55053, 55390, 55390, 55390, 55390, 55390, 55390, 56374, 59391, 59391, 59391, 59391, 59391, 59391, 59391, 59391, 59391, 59391, 59391, 59391, 59938, 59938, 59938, 59938, 59938, 59938, 61643, 61643, 61643, 61643, 61643, 61643, 61643, 61643, 61643, 61643, 61643, 61643, 64769, 64769, 64769, 64770, 64771, 64771, 64771, 64772, 64772, 64772, 64773, 64773, 64773, 64775, 64775, 64775, 64776, 64776, 64776, 64777, 64777, 64777, 64778, 64778, 64778, 64791, 64792, 64792, 64792, 64793, 64793, 64793, 64794, 64797, 64797, 64797, 64798, 64798, 64798, 64800, 64800, 64800, 64801, 64801, 64801, 64802, 64802, 64802, 64803, 64803, 64803, 64804, 64804, 64804, 64805, 64805, 64805, 64806, 64806, 64806, 64807, 64807, 64807, 64809, 64809, 64809, 64810, 64810, 64810, 64812, 64812, 64812, 64813, 64813, 64813, 64814, 64814, 64814, 64815, 64815, 64815, 64816, 64816, 64816, 64883, 64883, 64883, 64884, 64884, 64884, 64885, 64885, 64885, 64886, 64886, 64886, 64887, 64887, 64887, 64888, 64888, 64888, 64889, 64889, 64889, 64890, 64890, 64890, 64891, 64891, 64891, 64893, 64893, 64893, 64895, 64895, 64895, 64896, 64896, 64896, 64897, 64897, 64897, 64898, 64898, 64898, 64899, 64899, 64899, 64900, 64900, 64900, 64901, 64901, 64901, 64922, 64922, 64922, 64923, 64923, 64923, 64924, 64924, 64924, 64925, 64925, 64925, 64926, 64933, 64933, 64933, 64934, 64935, 64935, 64935, 64936, 64936, 64936, 64937, 64937, 64937, 64938, 64939, 64939, 64939, 64940, 64940, 64940, 64942, 64942, 64942, 64943, 64943, 64943, 64944, 64944, 64944, 64945, 64945, 64945, 64946, 64946, 64946, 64947, 64947, 64947, 64948, 64948, 64948, 64949, 64949, 64949, 64950, 64950, 64950, 64951, 64951, 64951, 64952, 64953, 64953, 64953, 64954, 64955, 64955, 64955, 64956, 64956, 64956, 64957, 64958, 64958, 64958, 64959, 64959, 64959, 64960, 64960, 64960, 64961, 64961, 64961, 64962, 64962, 64962, 64963, 64963, 64963, 65026, 65026, 65026, 65261, 65261, 65261, 65262, 65262, 65262, 65264, 65264, 65264, 65265, 65265, 65265, 65267, 65267, 65267, 65268, 65268, 65268, 65269, 65269, 65269, 65274, 65274, 65274, 65536, 65536, 65536, 65536, 65536, 65536, 65536, 65536, 65536, 65536, 65536, 65536, 65536, 65536, 65536, 65537, 65537, 65537, 65537, 65537, 65537, 65537, 65537, 65537, 65537, 65537, 65537, 65537, 65537, 65537, 65538, 65538, 65538, 65538, 65538, 65538, 65538, 65538, 65538, 65538, 65538, 65538, 65538, 65538, 65538, 65539, 65539, 65539, 65539, 65539, 65539, 65539, 65539, 65539, 65539, 65539, 65539, 65539, 65539, 65539, 65541, 65541, 65541, 65541, 65541, 65541, 65541, 65541, 65541, 65541, 65541, 65541, 65543, 65543, 65543, 65543, 65543, 65543, 65543, 65543, 65543, 65543, 65543, 65543, 65543, 65543, 65543, 65573, 65573, 65573, 65573, 65573, 65573, 65573, 65573, 65573, 65573, 65573, 65573, 65573, 65573, 65573, 65574, 65574, 65574, 65574, 65574, 65574, 65574, 65574, 65574, 65574, 65574, 65574, 65574, 65574, 65574, 65575, 65575, 65575, 65575, 65575, 65575, 65575, 65575, 65575, 65575, 65575, 65575, 65575, 65575, 65575, 65576, 65576, 65576, 65576, 65576, 65576, 65576, 65576, 65576, 65576, 65576, 65576, 65576, 65576, 65576, 65579, 65579, 65579, 65579, 65579, 65579, 65579, 65579, 65579, 65579, 65579, 65579, 65579, 65579, 65579, 65580, 65580, 65580, 65580, 65580, 65580, 65580, 65580, 65580, 65580, 65580, 65580, 65580, 65580, 65580, 66549, 66549, 66549, 66549, 66550, 66550, 66550, 66550, 66561, 66561, 66561, 66561, 66562, 66562, 66562, 66562, 66563, 66563, 66563, 66563, 66564, 66564, 66564, 66564, 66565, 66565, 66565, 66565, 66565, 66565, 66565, 66565, 66566, 66566, 66566, 66566, 66567, 66567, 66567, 66567, 66567, 66567, 66567, 66567, 66567, 66567, 66567, 66567, 66567, 66567, 66567, 66567, 66567, 66567, 66567, 66567, 66567, 66567, 66567, 66567, 66567, 66567, 66567, 66567, 66567, 66567, 66567, 66567, 66595, 66595, 66595, 66595, 66595, 66595, 66595, 66595, 66595, 66595, 66595, 66595, 66595, 66595, 66595, 66595, 66595, 66595, 66595, 66595, 66595, 66595, 66595, 66595, 66595, 66595, 66595, 66595, 66596, 66596, 66596, 66597, 66597, 66597, 66597, 66597, 66597, 66597, 66597, 66612, 66612, 66612, 66612, 66613, 66613, 66613, 66613, 66613, 66613, 66613, 66613, 66613, 66613, 66613, 66613, 66613, 66613, 66613, 66613, 66614, 66614, 66614, 66614, 66614, 66614, 66614]",0.0,0.0,0.0,0.0,0.0,0.0,0.0,0.0,0.0,0.0,0.0,0.0,0.0,0.0,0.0,0.0,1
ERC_REST,ERC_REST_small_hydroelectric_1,Small Hydroelectric,1,16,2,0.0,0,0,1,0,0,0.0,0.0,0.0,0,0,0.0,0,0.0,0.0,0.0,19.6,16.0,56.096,-1,1.23,0.0,0.0,-1.0,-1.0,0.0,0.0,0.0,0.0,0.0,0,49259,0.0,0,0,0.0,0.0,0.0,0.0,0.0,0.0,0.0,10.34,0.0,0.0,None,0.503,0.0,1.0,1.0,0.0,0.0,0.0,0.0,0.0,0.0,0.0,1.0,1.0,0,0,0.0,0.0,0,0.0,0.0,0.0,0.0,0.0,0,0.0,0.0,"[791, 791, 794, 3437, 3437, 3437, 3581, 3581, 3583, 3585, 3585, 3586, 3594, 3594, 3598, 61355]",0.0,0.0,0.0,0.0,0.0,0.0,0.0,0.0,0.0,0.0,0.0,0.0,0.0,0.0,0.0,0.0,0
ERC_REST,ERC_REST_solar_photovoltaic_1,Solar Photovoltaic,1,17,2,0.0,0,1,0,0,0,0.0,0.0,0.0,0,0,0.0,1,0.0,0.0,0.0,11977.4,120.0,11977.44,0,99.81,0.0,0.0,-1.0,-1.0,0.0,0.0,0.0,0.0,0.0,0,22623,0.0,0,0,0.0,0.0,0.0,0.0,0.0,0.0,0.0,10.34,0.0,0.0,None,0.0,0.0,1.0,1.0,0.0,0.0,0.0,0.0,0.0,0.0,0.0,1.0,1.0,0,0,0.0,0.0,1,0.0,0.0,0.0,0.0,0.0,0,0.0,0.0,"[57197, 57659, 57699, 58009, 58009, 58013, 58027, 58068, 58537, 58716, 58717, 59204, 59205, 60427, 60472, 60774, 61205, 61309, 61370, 61409, 61410, 61411, 61493, 61513, 61514, 61524, 61532, 61625, 61700, 61810, 61867, 61868, 61871, 61872, 61873, 61874, 61875, 61895, 62152, 62505, 62610, 62772, 62773, 62774, 62945, 62953, 63027, 63180, 63194, 63211, 63222, 63223, 63273, 63764, 63769, 63797, 63840, 63882, 63883, 63884, 63892, 63985, 64079, 64133, 64202, 64204, 64227, 64239, 64259, 64260, 64389, 64447, 64538, 64672, 64821, 64823, 64824, 64825, 64826, 64827, 64828, 64859, 64892, 64927, 65028, 65034, 65070, 65070, 65070, 65070, 65070, 65271, 65303, 65308, 65333, 65521, 65571, 65571, 65571, 65631, 65661, 65662, 65762, 65822, 65937, 65946, 65947, 65979, 66046, 66137, 66157, 66168, 66262, 66310, 66324, 66410, 66420, 66471, 66516, 66571]",0.0,0.0,0.0,0.0,0.0,0.0,0.0,0.0,0.0,0.0,0.0,0.0,0.0,0.0,0.0,0.0,0
ERC_WEST,ERC_WEST_batteries_1,Batteries,1,18,3,0.0,0,0,0,1,0,0.0,0.0,0.0,0,0,0.0,0,0.0,0.0,9328.9,1737.5,46.0,1737.512,-1,37.77,0.0,0.0,-1.0,-1.0,0.0,0.0,0.0,0.0,0.0,0,6235,0.0,0,0,0.0,0.0,0.0,0.0,0.0,0.0,0.0,10.34,0.0,0.0,None,0.0,0.0,0.92,0.92,0.0,1.0,10.0,0.0,0.0,0.0,0.0,1.0,1.0,0,0,0.0,0.0,0,0.0,0.0,0.0,0.0,0.0,0,0.0,0.0,"[56961, 56981, 56984, 60123, 60506, 60690, 61362, 62561, 62562, 63255, 63905, 64164, 64294, 64423, 64424, 64545, 64811, 64811, 64811, 64811, 64811, 64811, 64811, 64811, 64915, 64916, 64917, 65490, 65492, 65696, 65810, 65811, 65813, 65814, 65831, 65832, 65833, 65834, 65835, 65836, 65838, 66006, 66007, 66008, 66009, 66170]",0.0,0.0,0.0,0.0,0.0,0.0,0.0,0.0,0.0,0.0,0.0,0.0,0.0,0.0,0.0,0.0,0
ERC_WEST,ERC_WEST_natural_gas_fired_combined_cycle_1,Natural Gas Fired Combined Cycle,1,19,3,0.0,1,0,0,0,0,0.0,0.0,0.0,0,0,0.0,1,0.0,0.0,0.0,3197.2,10.0,3197.2,0,319.72,0.0,0.0,-1.0,-1.0,0.0,0.0,0.0,0.0,0.0,0,11249,0.0,0,0,3.76,0.0,0.0,0.0,0.0,96.0,2.0,7.05,0.55,1.066,east_south_central_naturalgas,0.387,0.0,1.0,1.0,0.0,0.0,0.0,0.0,0.0,0.0,0.0,0.64,0.64,6,6,0.0,0.0,0,0.0,0.0,0.0,0.0,0.0,0,0.0,0.0,"[55215, 55215, 56349, 56349, 58930, 58930, 58930, 58931, 58931, 58931]",1123.241,0.0,0.0,0.0,0.0,0.0,0.0,0.0,0.0,0.0,0.0,0.0,0.0,0.0,0.0,0.0,1
ERC_WEST,ERC_WEST_natural_gas_fired_combined_cycle_2,Natural Gas Fired Combined Cycle,2,20,3,0.0,1,0,0,0,0,0.0,0.0,0.0,0,0,0.0,1,0.0,0.0,0.0,393.1,3.0,393.099,0,131.03,0.0,0.0,-1.0,-1.0,0.0,0.0,0.0,0.0,0.0,0,17267,0.0,0,0,4.76,0.0,0.0,0.0,0.0,96.0,2.0,9.88,3.624,3.869,east_south_central_naturalgas,0.422,0.0,1.0,1.0,0.0,0.0,0.0,0.0,0.0,0.0,0.0,0.64,0.64,6,6,0.0,0.0,0,0.0,0.0,0.0,0.0,0.0,0,0.0,0.0,"[50127, 52176, 56233]",0.0,0.0,0.0,0.0,0.0,0.0,0.0,0.0,0.0,0.0,0.0,0.0,0.0,0.0,0.0,0.0,1
ERC_WEST,ERC_WEST_natural_gas_fired_combustion_turbine_1,Natural Gas Fired Combustion Turbine,1,21,3,0.0,1,0,0,0,0,0.0,0.0,0.0,0,0,0.0,1,0.0,0.0,0.0,872.0,11.0,872.003,0,79.27,0.0,0.0,-1.0,-1.0,0.0,0.0,0.0,0.0,0.0,0,10156,0.0,0,0,5.53,0.0,0.0,0.0,0.0,125.0,3.5,13.97,0.327,0.171,east_south_central_naturalgas,0.442,0.0,1.0,1.0,0.0,0.0,0.0,0.0,0.0,0.0,0.0,3.78,3.78,1,1,0.0,0.0,0,0.0,0.0,0.0,0.0,0.0,0,0.0,0.0,"[3492, 3492, 3492, 3492, 3492, 3492, 3494, 3494, 3494, 3494, 3494]",0.0,0.0,0.0,0.0,0.0,0.0,0.0,0.0,0.0,0.0,0.0,0.0,0.0,0.0,0.0,0.0,1
ERC_WEST,ERC_WEST_natural_gas_fired_combustion_turbine_2,Natural Gas Fired Combustion Turbine,2,22,3,0.0,1,0,0,0,0,0.0,0.0,0.0,0,0,0.0,1,0.0,0.0,0.0,336.0,2.0,336.0,0,168.0,0.0,0.0,-1.0,-1.0,0.0,0.0,0.0,0.0,0.0,0,10156,0.0,0,0,5.53,0.0,0.0,0.0,0.0,125.0,3.5,11.71,0.0,0.0,east_south_central_naturalgas,0.446,0.0,1.0,1.0,0.0,0.0,0.0,0.0,0.0,0.0,0.0,3.78,3.78,1,1,0.0,0.0,0,0.0,0.0,0.0,0.0,0.0,0,0.0,0.0,"[58471, 58471]",0.0,0.0,0.0,0.0,0.0,0.0,0.0,0.0,0.0,0.0,0.0,0.0,0.0,0.0,0.0,0.0,1
ERC_WEST,ERC_WEST_natural_gas_steam_turbine_1,Natural Gas Steam Turbine,1,23,3,0.0,1,0,0,0,0,0.0,0.0,0.0,0,0,0.0,1,0.0,0.0,0.0,629.0,2.0,629.0,0,314.5,0.0,0.0,-1.0,-1.0,0.0,0.0,0.0,0.0,0.0,0,32666,0.0,0,0,1.1,0.0,0.0,0.0,0.0,92.0,13.7,13.26,1.628,2.302,east_south_central_naturalgas,0.114,0.0,1.0,1.0,0.0,0.0,0.0,0.0,0.0,0.0,0.0,0.57,0.57,24,24,0.0,0.0,0,0.0,0.0,0.0,0.0,0.0,0,0.0,0.0,"[3490, 3490]",0.0,0.0,0.0,0.0,0.0,0.0,0.0,0.0,0.0,0.0,0.0,0.0,0.0,0.0,0.0,0.0,1
ERC_WEST,ERC_WEST_onshore_wind_turbine_1,Onshore Wind Turbine,1,24,3,0.0,0,1,0,0,0,0.0,0.0,0.0,0,0,0.0,1,0.0,0.0,0.0,21077.5,115.0,21077.545,0,183.28,0.0,0.0,-1.0,-1.0,0.0,0.0,0.0,0.0,0.0,0,43000,0.0,0,0,0.0,0.0,0.0,0.0,0.0,0.0,0.0,10.34,0.0,0.0,None,0.0,0.0,1.0,1.0,0.0,0.0,0.0,0.0,0.0,0.0,0.0,1.0,1.0,0,0,0.0,0.0,1,0.0,0.0,0.0,0.0,0.0,0,0.0,0.0,"[54979, 55581, 55747, 55795, 55796, 55968, 55992, 56111, 56211, 56212, 56240, 56270, 56291, 56291, 56291, 56311, 56337, 56372, 56394, 56395, 56457, 56479, 56483, 56484, 56506, 56592, 56593, 56638, 56644, 56649, 56754, 56754, 56763, 56763, 56763, 56763, 56774, 56775, 56776, 56783, 56823, 56920, 56921, 56956, 56959, 56961, 56961, 56979, 56981, 56984, 57153, 57156, 57303, 57415, 57474, 57520, 57974, 57981, 57983, 57983, 58048, 58372, 58838, 59034, 59238, 59244, 59245, 59332, 59417, 59732, 59733, 59943, 59972, 60338, 60339, 60901, 60902, 60987, 61001, 61402, 61417, 61782, 61970, 62038, 62142, 62227, 62259, 62356, 62411, 62562, 62562, 62566, 62587, 62630, 62765, 62809, 62836, 62853, 63209, 63342, 63655, 64149, 64164, 64544, 64551, 64639, 64710, 65162, 65335, 65546, 65763, 66321, 66323, 66531, 66540]",0.0,0.0,0.0,0.0,0.0,0.0,0.0,0.0,0.0,0.0,0.0,0.0,0.0,0.0,0.0,0.0,0
ERC_WEST,ERC_WEST_other_peaker_1,Other_peaker,1,25,3,0.0,1,0,0,0,0,0.0,0.0,0.0,0,0,0.0,1,0.0,0.0,0.0,68.0,113.0,68.026,0,0.6,0.0,0.0,0.0,0.0,0.0,0.0,0.0,0.0,0.0,0,21000,0.0,0,0,4.66,0.0,0.0,0.0,0.0,92.0,0.0,9.07,0.0,0.403,east_south_central_naturalgas,0.024,0.0,0.0,0.0,0.0,0.0,0.0,0.0,0.0,0.0,0.0,0.0,0.0,0,0,0.0,0.0,0,0.0,0.0,0.0,0.0,0.0,0,0.0,0.0,"[54364, 54364, 54364, 55052, 55052, 55052, 55052, 64774, 64774, 64774, 64795, 64795, 64795, 64796, 64796, 64796, 64808, 64829, 64829, 64829, 65266, 65266, 65266, 65535, 65535, 65535, 65535, 65535, 65535, 65535, 65535, 65535, 65535, 65535, 65535, 65535, 65535, 65535, 65540, 65540, 65540, 65540, 65540, 65540, 65540, 65540, 65540, 65540, 65540, 65540, 65540, 65540, 65540, 65542, 65542, 65542, 65542, 65542, 65542, 65542, 65542, 65542, 65542, 65542, 65542, 65542, 65542, 65542, 65544, 65544, 65544, 65544, 65544, 65544, 65544, 65544, 65544, 65544, 65544, 65544, 65544, 65544, 65544, 65578, 65578, 65578, 65578, 65578, 65578, 65578, 65578, 65578, 65578, 65578, 65578, 65578, 65578, 65578, 65581, 65581, 65581, 65581, 65581, 65581, 65581, 65581, 65581, 65581, 65581, 65581, 65581, 65581, 65581]",0.0,0.0,0.0,0.0,0.0,0.0,0.0,0.0,0.0,0.0,0.0,0.0,0.0,0.0,0.0,0.0,1
ERC_WEST,ERC_WEST_solar_photovoltaic_1,Solar Photovoltaic,1,26,3,0.0,0,1,0,0,0,0.0,0.0,0.0,0,0,0.0,1,0.0,0.0,0.0,8856.6,54.0,8856.594,0,164.01,0.0,0.0,-1.0,-1.0,0.0,0.0,0.0,0.0,0.0,0,22623,0.0,0,0,0.0,0.0,0.0,0.0,0.0,0.0,0.0,10.34,0.0,0.0,None,0.0,0.0,1.0,1.0,0.0,0.0,0.0,0.0,0.0,0.0,0.0,1.0,1.0,0,0,0.0,0.0,1,0.0,0.0,0.0,0.0,0.0,0,0.0,0.0,"[58488, 58710, 59206, 59207, 59994, 60044, 60123, 60372, 60436, 60581, 60682, 60789, 60989, 61346, 61346, 61368, 61697, 61906, 61920, 61962, 62141, 62249, 62415, 62448, 62483, 62561, 62561, 62755, 62804, 62845, 62932, 62933, 63233, 63255, 63320, 63328, 63328, 63329, 63343, 63351, 63388, 63519, 63905, 64026, 64075, 64325, 64539, 64540, 65644, 65645, 65654, 65660, 65793, 66572]",0.0,0.0,0.0,0.0,0.0,0.0,0.0,0.0,0.0,0.0,0.0,0.0,0.0,0.0,0.0,0.0,0
ERC_PHDL,ERC_PHDL_naturalgas_ccavgcf_moderate_0,NaturalGas_CCAvgCF_Moderate,0,27,1,0.0,1,0,0,0,0,0.0,0.0,0.0,0,0,0.0,1,0.0,0.0,0.0,0.0,0.0,0.0,1,500.0,0.0,-1.0,-1.0,-1.0,0.0,0.0,0.0,0.0,976636.723,48834,29315,0.0,0,0,2.09,0.0,0.0,0.0,0.0,116.0,2.0,6.36,0.0,0.0,east_south_central_naturalgas,0.2,0.0,1.0,1.0,0.0,0.0,0.0,0.0,0.0,0.0,0.0,0.64,0.64,6,6,0.0,0.0,0,0.889,0.0,0.037,30.0,0.0,0,0.0,0.0,0,0.0,0.0,0.0,0.0,0.0,0.0,0.0,0.0,0.0,0.0,0.0,0.0,0.0,0.0,0.0,0.0,1
ERC_PHDL,ERC_PHDL_naturalgas_ctavgcf_moderate_0,NaturalGas_CTAvgCF_Moderate,0,28,1,0.0,1,0,0,0,0,0.0,0.0,0.0,0,0,0.0,1,0.0,0.0,0.0,0.0,0.0,0.0,1,100.0,0.0,-1.0,-1.0,-1.0,0.0,0.0,0.0,0.0,846628.955,41991,21986,0.0,0,0,5.24,0.0,0.0,0.0,0.0,151.0,3.5,9.72,0.0,0.0,east_south_central_naturalgas,0.3,0.0,1.0,1.0,0.0,0.0,0.0,0.0,0.0,0.0,0.0,3.78,3.78,1,1,0.0,0.0,0,0.882,0.0,0.037,30.0,0.0,0,0.0,0.0,0,0.0,0.0,0.0,0.0,0.0,0.0,0.0,0.0,0.0,0.0,0.0,0.0,0.0,0.0,0.0,0.0,1
ERC_PHDL,ERC_PHDL_battery_moderate_0,Battery_*_Moderate,0,29,1,0.0,0,0,0,1,0,0.0,0.0,0.0,0,0,0.0,0,0.0,0.0,0.0,0.0,0.0,0.0,1,1.0,0.0,-1.0,-1.0,-1.0,0.0,0.0,0.0,0.0,262257.335,21149,6556,209016.594,16855,5225,0.0,0.0,0.0,0.0,0.0,0.0,0.0,0.0,0.0,0.0,None,0.0,0.0,0.92,0.92,0.0,1.0,10.0,0.0,0.0,0.0,0.0,1.0,1.0,0,0,0.0,0.0,0,1.0,0.0,0.024,15.0,0.0,0,0.0,0.0,0,0.0,0.0,0.0,0.0,0.0,0.0,0.0,0.0,0.0,0.0,0.0,0.0,0.0,0.0,0.0,0.0,0
ERC_PHDL,ERC_PHDL_nuclear_nuclear_moderate_0,Nuclear_Nuclear_Moderate,0,30,1,0.0,1,0,0,0,0,0.0,0.0,0.0,0,0,0.0,1,0.0,0.0,0.0,0.0,0.0,0.0,1,500.0,0.0,-1.0,-1.0,-1.0,0.0,0.0,0.0,0.0,7382641.072,316615,152817,0.0,0,0,2.97,0.0,0.0,0.0,0.0,313.0,0.0,10.44,0.0,0.0,east_south_central_uranium,0.5,0.0,1.0,1.0,0.0,0.0,0.0,0.0,0.0,0.0,0.0,0.25,0.25,24,24,0.0,0.0,0,0.944,0.0,0.033,40.0,0.0,0,0.0,0.0,0,0.0,0.0,0.0,0.0,0.0,0.0,0.0,0.0,0.0,0.0,0.0,0.0,0.0,0.0,0.0,0.0,1
ERC_PHDL,ERC_PHDL_naturalgas_ccs100_moderate_0,NaturalGas_CCS100_Moderate,0,31,1,0.0,1,0,0,0,0,0.0,0.0,0.0,0,0,0.0,1,0.0,0.0,0.0,0.0,0.0,0.0,1,500.0,0.0,-1.0,-1.0,-1.0,0.0,0.0,0.0,0.0,2320535.7,122407,75106,0.0,0,0,6.76,0.0,0.0,0.0,0.0,116.0,0.0,7.39,0.0,0.0,east_south_central_naturalgas_ccs100,0.6,0.0,1.0,1.0,0.0,0.0,0.0,0.0,0.0,0.0,0.0,0.64,0.64,6,6,0.0,0.0,0,0.938,0.0,0.037,30.0,0.0,0,0.0,0.0,0,0.0,0.0,0.0,0.0,0.0,0.0,0.0,0.0,0.0,0.0,0.0,0.0,0.0,0.0,0.0,0.0,1
ERC_PHDL,ERC_PHDL_landbasedwind_class6_moderate_1,LandbasedWind_Class6_Moderate_,1,32,1,0.0,0,1,0,0,0,0.0,0.0,0.0,0,0,0.0,1,0.0,0.0,0.0,0.0,0.0,0.0,1,1.0,0.0,18129.4,-1.0,-1.0,0.0,0.0,0.0,0.0,1184739.927,66496,42263,0.0,0,0,0.0,0.0,0.0,0.0,0.0,0.0,0.0,0.0,0.0,0.0,None,0.0,0.0,1.0,1.0,0.0,0.0,0.0,0.0,0.0,0.0,0.0,1.0,1.0,0,0,0.0,0.0,1,0.933,29.413,0.031,30.0,0.0,0,0.0,0.0,0,0.0,0.0,0.0,0.0,0.0,0.0,0.0,8799.591,0.0,0.0,0.0,0.0,0.0,0.0,0.0,0.0,0
ERC_PHDL,ERC_PHDL_landbasedwind_class6_moderate_2,LandbasedWind_Class6_Moderate_,2,33,1,0.0,0,1,0,0,0,0.0,0.0,0.0,0,0,0.0,1,0.0,0.0,0.0,0.0,0.0,0.0,1,1.0,0.0,19573.4,-1.0,-1.0,0.0,0.0,0.0,0.0,1184739.927,69832,42263,0.0,0,0,0.0,0.0,0.0,0.0,0.0,0.0,0.0,0.0,0.0,0.0,None,0.0,0.0,1.0,1.0,0.0,0.0,0.0,0.0,0.0,0.0,0.0,1.0,1.0,0,0,0.0,0.0,1,0.933,29.017,0.031,30.0,0.0,0,0.0,0.0,0,0.0,0.0,0.0,0.0,0.0,0.0,0.0,12135.518,0.0,0.0,0.0,0.0,0.0,0.0,0.0,0.0,0
ERC_PHDL,ERC_PHDL_landbasedwind_class6_moderate_3,LandbasedWind_Class6_Moderate_,3,34,1,0.0,0,1,0,0,0,0.0,0.0,0.0,0,0,0.0,1,0.0,0.0,0.0,0.0,0.0,0.0,1,1.0,0.0,18823.8,-1.0,-1.0,0.0,0.0,0.0,0.0,1184739.927,73246,42263,0.0,0,0,0.0,0.0,0.0,0.0,0.0,0.0,0.0,0.0,0.0,0.0,None,0.0,0.0,1.0,1.0,0.0,0.0,0.0,0.0,0.0,0.0,0.0,1.0,1.0,0,0,0.0,0.0,1,0.933,28.527,0.031,30.0,0.0,0,0.0,0.0,0,0.0,0.0,0.0,0.0,0.0,0.0,0.0,15549.327,0.0,0.0,0.0,0.0,0.0,0.0,0.0,0.0,0
ERC_PHDL,ERC_PHDL_landbasedwind_class6_moderate_4,LandbasedWind_Class6_Moderate_,4,35,1,0.0,0,1,0,0,0,0.0,0.0,0.0,0,0,0.0,1,0.0,0.0,0.0,0.0,0.0,0.0,1,1.0,0.0,18277.4,-1.0,-1.0,0.0,0.0,0.0,0.0,1184739.927,71862,42263,0.0,0,0,0.0,0.0,0.0,0.0,0.0,0.0,0.0,0.0,0.0,0.0,None,0.0,0.0,1.0,1.0,0.0,0.0,0.0,0.0,0.0,0.0,0.0,1.0,1.0,0,0,0.0,0.0,1,0.933,32.172,0.031,30.0,0.0,0,0.0,0.0,0,0.0,0.0,0.0,0.0,0.0,0.0,0.0,14165.301,0.0,0.0,0.0,0.0,0.0,0.0,0.0,0.0,0
ERC_PHDL,ERC_PHDL_landbasedwind_class6_moderate_5,LandbasedWind_Class6_Moderate_,5,36,1,0.0,0,1,0,0,0,0.0,0.0,0.0,0,0,0.0,1,0.0,0.0,0.0,0.0,0.0,0.0,1,1.0,0.0,18520.6,-1.0,-1.0,0.0,0.0,0.0,0.0,1184739.927,76622,42263,0.0,0,0,0.0,0.0,0.0,0.0,0.0,0.0,0.0,0.0,0.0,0.0,None,0.0,0.0,1.0,1.0,0.0,0.0,0.0,0.0,0.0,0.0,0.0,1.0,1.0,0,0,0.0,0.0,1,0.933,32.046,0.031,30.0,0.0,0,0.0,0.0,0,0.0,0.0,0.0,0.0,0.0,0.0,0.0,18925.209,0.0,0.0,0.0,0.0,0.0,0.0,0.0,0.0,0
ERC_PHDL,ERC_PHDL_landbasedwind_class6_moderate_6,LandbasedWind_Class6_Moderate_,6,37,1,0.0,0,1,0,0,0,0.0,0.0,0.0,0,0,0.0,1,0.0,0.0,0.0,0.0,0.0,0.0,1,1.0,0.0,19600.7,-1.0,-1.0,0.0,0.0,0.0,0.0,1184739.927,79241,42263,0.0,0,0,0.0,0.0,0.0,0.0,0.0,0.0,0.0,0.0,0.0,0.0,None,0.0,0.0,1.0,1.0,0.0,0.0,0.0,0.0,0.0,0.0,0.0,1.0,1.0,0,0,0.0,0.0,1,0.933,31.607,0.031,30.0,0.0,0,0.0,0.0,0,0.0,0.0,0.0,0.0,0.0,0.0,0.0,21544.307,0.0,0.0,0.0,0.0,0.0,0.0,0.0,0.0,0
ERC_PHDL,ERC_PHDL_landbasedwind_class6_moderate_7,LandbasedWind_Class6_Moderate_,7,38,1,0.0,0,1,0,0,0,0.0,0.0,0.0,0,0,0.0,1,0.0,0.0,0.0,0.0,0.0,0.0,1,1.0,0.0,18914.5,-1.0,-1.0,0.0,0.0,0.0,0.0,1184739.927,72760,42263,0.0,0,0,0.0,0.0,0.0,0.0,0.0,0.0,0.0,0.0,0.0,0.0,None,0.0,0.0,1.0,1.0,0.0,0.0,0.0,0.0,0.0,0.0,0.0,1.0,1.0,0,0,0.0,0.0,1,0.933,34.189,0.031,30.0,0.0,0,0.0,0.0,0,0.0,0.0,0.0,0.0,0.0,0.0,0.0,15063.093,0.0,0.0,0.0,0.0,0.0,0.0,0.0,0.0,0
ERC_PHDL,ERC_PHDL_landbasedwind_class6_moderate_8,LandbasedWind_Class6_Moderate_,8,39,1,0.0,0,1,0,0,0,0.0,0.0,0.0,0,0,0.0,1,0.0,0.0,0.0,0.0,0.0,0.0,1,1.0,0.0,18486.0,-1.0,-1.0,0.0,0.0,0.0,0.0,1184739.927,77072,42263,0.0,0,0,0.0,0.0,0.0,0.0,0.0,0.0,0.0,0.0,0.0,0.0,None,0.0,0.0,1.0,1.0,0.0,0.0,0.0,0.0,0.0,0.0,0.0,1.0,1.0,0,0,0.0,0.0,1,0.933,33.776,0.031,30.0,0.0,0,0.0,0.0,0,0.0,0.0,0.0,0.0,0.0,0.0,0.0,19375.423,0.0,0.0,0.0,0.0,0.0,0.0,0.0,0.0,0
ERC_PHDL,ERC_PHDL_landbasedwind_class6_moderate_9,LandbasedWind_Class6_Moderate_,9,40,1,0.0,0,1,0,0,0,0.0,0.0,0.0,0,0,0.0,1,0.0,0.0,0.0,0.0,0.0,0.0,1,1.0,0.0,19031.2,-1.0,-1.0,0.0,0.0,0.0,0.0,1184739.927,80689,42263,0.0,0,0,0.0,0.0,0.0,0.0,0.0,0.0,0.0,0.0,0.0,0.0,None,0.0,0.0,1.0,1.0,0.0,0.0,0.0,0.0,0.0,0.0,0.0,1.0,1.0,0,0,0.0,0.0,1,0.933,33.359,0.031,30.0,0.0,0,0.0,0.0,0,0.0,0.0,0.0,0.0,0.0,0.0,0.0,22992.289,0.0,0.0,0.0,0.0,0.0,0.0,0.0,0.0,0
ERC_PHDL,ERC_PHDL_landbasedwind_class6_moderate_10,LandbasedWind_Class6_Moderate_,10,41,1,0.0,0,1,0,0,0,0.0,0.0,0.0,0,0,0.0,1,0.0,0.0,0.0,0.0,0.0,0.0,1,1.0,0.0,18748.3,-1.0,-1.0,0.0,0.0,0.0,0.0,1184739.927,75535,42263,0.0,0,0,0.0,0.0,0.0,0.0,0.0,0.0,0.0,0.0,0.0,0.0,None,0.0,0.0,1.0,1.0,0.0,0.0,0.0,0.0,0.0,0.0,0.0,1.0,1.0,0,0,0.0,0.0,1,0.933,39.63,0.031,30.0,0.0,0,0.0,0.0,0,0.0,0.0,0.0,0.0,0.0,0.0,0.0,17838.595,0.0,0.0,0.0,0.0,0.0,0.0,0.0,0.0,0
ERC_PHDL,ERC_PHDL_landbasedwind_class6_moderate_11,LandbasedWind_Class6_Moderate_,11,42,1,0.0,0,1,0,0,0,0.0,0.0,0.0,0,0,0.0,1,0.0,0.0,0.0,0.0,0.0,0.0,1,1.0,0.0,18736.5,-1.0,-1.0,0.0,0.0,0.0,0.0,1184739.927,76897,42263,0.0,0,0,0.0,0.0,0.0,0.0,0.0,0.0,0.0,0.0,0.0,0.0,None,0.0,0.0,1.0,1.0,0.0,0.0,0.0,0.0,0.0,0.0,0.0,1.0,1.0,0,0,0.0,0.0,1,0.933,37.636,0.031,30.0,0.0,0,0.0,0.0,0,0.0,0.0,0.0,0.0,0.0,0.0,0.0,19200.732,0.0,0.0,0.0,0.0,0.0,0.0,0.0,0.0,0
ERC_PHDL,ERC_PHDL_landbasedwind_class6_moderate_12,LandbasedWind_Class6_Moderate_,12,43,1,0.0,0,1,0,0,0,0.0,0.0,0.0,0,0,0.0,1,0.0,0.0,0.0,0.0,0.0,0.0,1,1.0,0.0,18937.6,-1.0,-1.0,0.0,0.0,0.0,0.0,1184739.927,80076,42263,0.0,0,0,0.0,0.0,0.0,0.0,0.0,0.0,0.0,0.0,0.0,0.0,None,0.0,0.0,1.0,1.0,0.0,0.0,0.0,0.0,0.0,0.0,0.0,1.0,1.0,0,0,0.0,0.0,1,0.933,36.267,0.031,30.0,0.0,0,0.0,0.0,0,0.0,0.0,0.0,0.0,0.0,0.0,0.0,22379.83,0.0,0.0,0.0,0.0,0.0,0.0,0.0,0.0,0
ERC_PHDL,ERC_PHDL_landbasedwind_class6_moderate_13,LandbasedWind_Class6_Moderate_,13,44,1,0.0,0,1,0,0,0,0.0,0.0,0.0,0,0,0.0,1,0.0,0.0,0.0,0.0,0.0,0.0,1,1.0,0.0,17372.6,-1.0,-1.0,0.0,0.0,0.0,0.0,1184739.927,79817,42263,0.0,0,0,0.0,0.0,0.0,0.0,0.0,0.0,0.0,0.0,0.0,0.0,None,0.0,0.0,1.0,1.0,0.0,0.0,0.0,0.0,0.0,0.0,0.0,1.0,1.0,0,0,0.0,0.0,1,0.933,57.429,0.031,30.0,0.0,0,0.0,0.0,0,0.0,0.0,0.0,0.0,0.0,0.0,0.0,22120.382,0.0,0.0,0.0,0.0,0.0,0.0,0.0,0.0,0
ERC_PHDL,ERC_PHDL_landbasedwind_class6_moderate_14,LandbasedWind_Class6_Moderate_,14,45,1,0.0,0,1,0,0,0,0.0,0.0,0.0,0,0,0.0,1,0.0,0.0,0.0,0.0,0.0,0.0,1,1.0,0.0,19581.4,-1.0,-1.0,0.0,0.0,0.0,0.0,1184739.927,76619,42263,0.0,0,0,0.0,0.0,0.0,0.0,0.0,0.0,0.0,0.0,0.0,0.0,None,0.0,0.0,1.0,1.0,0.0,0.0,0.0,0.0,0.0,0.0,0.0,1.0,1.0,0,0,0.0,0.0,1,0.933,46.884,0.031,30.0,0.0,0,0.0,0.0,0,0.0,0.0,0.0,0.0,0.0,0.0,0.0,18922.255,0.0,0.0,0.0,0.0,0.0,0.0,0.0,0.0,0
ERC_PHDL,ERC_PHDL_landbasedwind_class6_moderate_15,LandbasedWind_Class6_Moderate_,15,46,1,0.0,0,1,0,0,0,0.0,0.0,0.0,0,0,0.0,1,0.0,0.0,0.0,0.0,0.0,0.0,1,1.0,0.0,19464.6,-1.0,-1.0,0.0,0.0,0.0,0.0,1184739.927,79528,42263,0.0,0,0,0.0,0.0,0.0,0.0,0.0,0.0,0.0,0.0,0.0,0.0,None,0.0,0.0,1.0,1.0,0.0,0.0,0.0,0.0,0.0,0.0,0.0,1.0,1.0,0,0,0.0,0.0,1,0.933,43.365,0.031,30.0,0.0,0,0.0,0.0,0,0.0,0.0,0.0,0.0,0.0,0.0,0.0,21831.274,0.0,0.0,0.0,0.0,0.0,0.0,0.0,0.0,0
ERC_PHDL,ERC_PHDL_utilitypv_class5_moderate_1,UtilityPV_Class5_Moderate_,1,47,1,0.0,0,1,0,0,0,0.0,0.0,0.0,0,0,0.0,1,0.0,0.0,0.0,0.0,0.0,0.0,1,1.0,0.0,168123.7,-1.0,-1.0,0.0,0.0,0.0,0.0,956750.755,66662,18094,0.0,0,0,0.0,0.0,0.0,0.0,0.0,0.0,0.0,0.0,0.0,0.0,None,0.0,0.0,1.0,1.0,0.0,0.0,0.0,0.0,0.0,0.0,0.0,1.0,1.0,0,0,0.0,0.0,1,0.968,26.934,0.024,20.0,0.0,0,0.0,0.0,0,0.0,0.0,0.0,0.0,0.0,0.0,0.0,7342.094,0.0,0.0,0.0,0.0,0.0,0.0,0.0,0.0,0
ERC_PHDL,ERC_PHDL_utilitypv_class5_moderate_2,UtilityPV_Class5_Moderate_,2,48,1,0.0,0,1,0,0,0,0.0,0.0,0.0,0,0,0.0,1,0.0,0.0,0.0,0.0,0.0,0.0,1,1.0,0.0,181096.1,-1.0,-1.0,0.0,0.0,0.0,0.0,956750.755,70119,18094,0.0,0,0,0.0,0.0,0.0,0.0,0.0,0.0,0.0,0.0,0.0,0.0,None,0.0,0.0,1.0,1.0,0.0,0.0,0.0,0.0,0.0,0.0,0.0,1.0,1.0,0,0,0.0,0.0,1,0.968,27.449,0.024,20.0,0.0,0,0.0,0.0,0,0.0,0.0,0.0,0.0,0.0,0.0,0.0,10799.847,0.0,0.0,0.0,0.0,0.0,0.0,0.0,0.0,0
ERC_PHDL,ERC_PHDL_utilitypv_class5_moderate_3,UtilityPV_Class5_Moderate_,3,49,1,0.0,0,1,0,0,0,0.0,0.0,0.0,0,0,0.0,1,0.0,0.0,0.0,0.0,0.0,0.0,1,1.0,0.0,169688.9,-1.0,-1.0,0.0,0.0,0.0,0.0,956750.755,73742,18094,0.0,0,0,0.0,0.0,0.0,0.0,0.0,0.0,0.0,0.0,0.0,0.0,None,0.0,0.0,1.0,1.0,0.0,0.0,0.0,0.0,0.0,0.0,0.0,1.0,1.0,0,0,0.0,0.0,1,0.968,29.416,0.024,20.0,0.0,0,0.0,0.0,0,0.0,0.0,0.0,0.0,0.0,0.0,0.0,14422.525,0.0,0.0,0.0,0.0,0.0,0.0,0.0,0.0,0
ERC_PHDL,ERC_PHDL_utilitypv_class5_moderate_4,UtilityPV_Class5_Moderate_,4,50,1,0.0,0,1,0,0,0,0.0,0.0,0.0,0,0,0.0,1,0.0,0.0,0.0,0.0,0.0,0.0,1,1.0,0.0,179370.1,-1.0,-1.0,0.0,0.0,0.0,0.0,956750.755,76006,18094,0.0,0,0,0.0,0.0,0.0,0.0,0.0,0.0,0.0,0.0,0.0,0.0,None,0.0,0.0,1.0,1.0,0.0,0.0,0.0,0.0,0.0,0.0,0.0,1.0,1.0,0,0,0.0,0.0,1,0.968,29.473,0.024,20.0,0.0,0,0.0,0.0,0,0.0,0.0,0.0,0.0,0.0,0.0,0.0,16686.912,0.0,0.0,0.0,0.0,0.0,0.0,0.0,0.0,0
ERC_PHDL,ERC_PHDL_utilitypv_class5_moderate_5,UtilityPV_Class5_Moderate_,5,51,1,0.0,0,1,0,0,0,0.0,0.0,0.0,0,0,0.0,1,0.0,0.0,0.0,0.0,0.0,0.0,1,1.0,0.0,173747.2,-1.0,-1.0,0.0,0.0,0.0,0.0,956750.755,76842,18094,0.0,0,0,0.0,0.0,0.0,0.0,0.0,0.0,0.0,0.0,0.0,0.0,None,0.0,0.0,1.0,1.0,0.0,0.0,0.0,0.0,0.0,0.0,0.0,1.0,1.0,0,0,0.0,0.0,1,0.968,30.694,0.024,20.0,0.0,0,0.0,0.0,0,0.0,0.0,0.0,0.0,0.0,0.0,0.0,17522.224,0.0,0.0,0.0,0.0,0.0,0.0,0.0,0.0,0
ERC_PHDL,ERC_PHDL_utilitypv_class5_moderate_6,UtilityPV_Class5_Moderate_,6,52,1,0.0,0,1,0,0,0,0.0,0.0,0.0,0,0,0.0,1,0.0,0.0,0.0,0.0,0.0,0.0,1,1.0,0.0,175383.7,-1.0,-1.0,0.0,0.0,0.0,0.0,956750.755,79238,18094,0.0,0,0,0.0,0.0,0.0,0.0,0.0,0.0,0.0,0.0,0.0,0.0,None,0.0,0.0,1.0,1.0,0.0,0.0,0.0,0.0,0.0,0.0,0.0,1.0,1.0,0,0,0.0,0.0,1,0.968,30.677,0.024,20.0,0.0,0,0.0,0.0,0,0.0,0.0,0.0,0.0,0.0,0.0,0.0,19918.552,0.0,0.0,0.0,0.0,0.0,0.0,0.0,0.0,0
ERC_PHDL,ERC_PHDL_utilitypv_class5_moderate_7,UtilityPV_Class5_Moderate_,7,53,1,0.0,0,1,0,0,0,0.0,0.0,0.0,0,0,0.0,1,0.0,0.0,0.0,0.0,0.0,0.0,1,1.0,0.0,180339.0,-1.0,-1.0,0.0,0.0,0.0,0.0,956750.755,79375,18094,0.0,0,0,0.0,0.0,0.0,0.0,0.0,0.0,0.0,0.0,0.0,0.0,None,0.0,0.0,1.0,1.0,0.0,0.0,0.0,0.0,0.0,0.0,0.0,1.0,1.0,0,0,0.0,0.0,1,0.968,32.018,0.024,20.0,0.0,0,0.0,0.0,0,0.0,0.0,0.0,0.0,0.0,0.0,0.0,20055.221,0.0,0.0,0.0,0.0,0.0,0.0,0.0,0.0,0
ERC_PHDL,ERC_PHDL_utilitypv_class5_moderate_8,UtilityPV_Class5_Moderate_,8,54,1,0.0,0,1,0,0,0,0.0,0.0,0.0,0,0,0.0,1,0.0,0.0,0.0,0.0,0.0,0.0,1,1.0,0.0,168751.1,-1.0,-1.0,0.0,0.0,0.0,0.0,956750.755,81721,18094,0.0,0,0,0.0,0.0,0.0,0.0,0.0,0.0,0.0,0.0,0.0,0.0,None,0.0,0.0,1.0,1.0,0.0,0.0,0.0,0.0,0.0,0.0,0.0,1.0,1.0,0,0,0.0,0.0,1,0.968,31.956,0.024,20.0,0.0,0,0.0,0.0,0,0.0,0.0,0.0,0.0,0.0,0.0,0.0,22401.062,0.0,0.0,0.0,0.0,0.0,0.0,0.0,0.0,0
ERC_PHDL,ERC_PHDL_utilitypv_class5_moderate_9,UtilityPV_Class5_Moderate_,9,55,1,0.0,0,1,0,0,0,0.0,0.0,0.0,0,0,0.0,1,0.0,0.0,0.0,0.0,0.0,0.0,1,1.0,0.0,181046.4,-1.0,-1.0,0.0,0.0,0.0,0.0,956750.755,83295,18094,0.0,0,0,0.0,0.0,0.0,0.0,0.0,0.0,0.0,0.0,0.0,0.0,None,0.0,0.0,1.0,1.0,0.0,0.0,0.0,0.0,0.0,0.0,0.0,1.0,1.0,0,0,0.0,0.0,1,0.968,33.942,0.024,20.0,0.0,0,0.0,0.0,0,0.0,0.0,0.0,0.0,0.0,0.0,0.0,23975.751,0.0,0.0,0.0,0.0,0.0,0.0,0.0,0.0,0
ERC_PHDL,ERC_PHDL_utilitypv_class5_moderate_10,UtilityPV_Class5_Moderate_,10,56,1,0.0,0,1,0,0,0,0.0,0.0,0.0,0,0,0.0,1,0.0,0.0,0.0,0.0,0.0,0.0,1,1.0,0.0,168043.8,-1.0,-1.0,0.0,0.0,0.0,0.0,956750.755,85012,18094,0.0,0,0,0.0,0.0,0.0,0.0,0.0,0.0,0.0,0.0,0.0,0.0,None,0.0,0.0,1.0,1.0,0.0,0.0,0.0,0.0,0.0,0.0,0.0,1.0,1.0,0,0,0.0,0.0,1,0.968,33.634,0.024,20.0,0.0,0,0.0,0.0,0,0.0,0.0,0.0,0.0,0.0,0.0,0.0,25692.743,0.0,0.0,0.0,0.0,0.0,0.0,0.0,0.0,0
ERC_REST,ERC_REST_naturalgas_ccavgcf_moderate_0,NaturalGas_CCAvgCF_Moderate,0,57,2,0.0,1,0,0,0,0,0.0,0.0,0.0,0,0,0.0,1,0.0,0.0,0.0,0.0,0.0,0.0,1,500.0,0.0,-1.0,-1.0,-1.0,0.0,0.0,0.0,0.0,976636.723,48834,29315,0.0,0,0,2.09,0.0,0.0,0.0,0.0,116.0,2.0,6.36,0.0,0.0,east_south_central_naturalgas,0.2,0.0,1.0,1.0,0.0,0.0,0.0,0.0,0.0,0.0,0.0,0.64,0.64,6,6,0.0,0.0,0,0.889,0.0,0.037,30.0,0.0,0,0.0,0.0,0,0.0,0.0,0.0,0.0,0.0,0.0,0.0,0.0,0.0,0.0,0.0,0.0,0.0,0.0,0.0,0.0,1
ERC_REST,ERC_REST_naturalgas_ctavgcf_moderate_0,NaturalGas_CTAvgCF_Moderate,0,58,2,0.0,1,0,0,0,0,0.0,0.0,0.0,0,0,0.0,1,0.0,0.0,0.0,0.0,0.0,0.0,1,100.0,0.0,-1.0,-1.0,-1.0,0.0,0.0,0.0,0.0,846628.955,41991,21986,0.0,0,0,5.24,0.0,0.0,0.0,0.0,151.0,3.5,9.72,0.0,0.0,east_south_central_naturalgas,0.3,0.0,1.0,1.0,0.0,0.0,0.0,0.0,0.0,0.0,0.0,3.78,3.78,1,1,0.0,0.0,0,0.882,0.0,0.037,30.0,0.0,0,0.0,0.0,0,0.0,0.0,0.0,0.0,0.0,0.0,0.0,0.0,0.0,0.0,0.0,0.0,0.0,0.0,0.0,0.0,1
ERC_REST,ERC_REST_naturalgas_ccccsavgcf_moderate_0,NaturalGas_CCCCSAvgCF_Moderate,0,59,2,0.0,1,0,0,0,0,0.0,0.0,0.0,0,0,0.0,1,0.0,0.0,0.0,0.0,0.0,0.0,1,500.0,0.0,-1.0,-1.0,-1.0,0.0,0.0,0.0,0.0,2222571.992,121517,65933,0.0,0,0,10.5,0.0,0.0,0.0,0.0,116.0,0.0,7.02,0.0,0.0,east_south_central_naturalgas_ccs90,0.6,0.0,1.0,1.0,0.0,0.0,0.0,0.0,0.0,0.0,0.0,0.64,0.64,6,6,0.0,0.0,0,0.938,0.0,0.037,30.0,0.0,0,0.0,0.0,0,0.0,20.0,79140.0,0.0,0.0,0.0,0.0,0.0,0.0,1538.029,18036.292,12.575,0.335,4.219,0.0,0.0,1
ERC_REST,ERC_REST_battery_moderate_0,Battery_*_Moderate,0,60,2,0.0,0,0,0,1,0,0.0,0.0,0.0,0,0,0.0,0,0.0,0.0,0.0,0.0,0.0,0.0,1,1.0,0.0,-1.0,-1.0,-1.0,0.0,0.0,0.0,0.0,262257.335,21149,6556,209016.594,16855,5225,0.0,0.0,0.0,0.0,0.0,0.0,0.0,0.0,0.0,0.0,None,0.0,0.0,0.92,0.92,0.0,1.0,10.0,0.0,0.0,0.0,0.0,1.0,1.0,0,0,0.0,0.0,0,1.0,0.0,0.024,15.0,0.0,0,0.0,0.0,0,0.0,0.0,0.0,0.0,0.0,0.0,0.0,0.0,0.0,0.0,0.0,0.0,0.0,0.0,0.0,0.0,0
ERC_REST,ERC_REST_nuclear_nuclear_moderate_0,Nuclear_Nuclear_Moderate,0,61,2,0.0,1,0,0,0,0,0.0,0.0,0.0,0,0,0.0,1,0.0,0.0,0.0,0.0,0.0,0.0,1,500.0,0.0,-1.0,-1.0,-1.0,0.0,0.0,0.0,0.0,7382641.072,325844,152817,0.0,0,0,2.97,0.0,0.0,0.0,0.0,313.0,0.0,10.44,0.0,0.0,east_south_central_uranium,0.5,0.0,1.0,1.0,0.0,0.0,0.0,0.0,0.0,0.0,0.0,0.25,0.25,24,24,0.0,0.0,0,0.944,0.0,0.033,40.0,0.0,0,0.0,0.0,0,0.0,50.0,197850.0,0.0,0.0,0.0,0.0,0.0,0.0,0.0,0.0,0.0,0.0,0.0,0.0,0.0,1
ERC_REST,ERC_REST_naturalgas_ccs100_moderate_0,NaturalGas_CCS100_Moderate,0,62,2,0.0,1,0,0,0,0,0.0,0.0,0.0,0,0,0.0,1,0.0,0.0,0.0,0.0,0.0,0.0,1,500.0,0.0,-1.0,-1.0,-1.0,0.0,0.0,0.0,0.0,2320535.7,126098,75106,0.0,0,0,6.76,0.0,0.0,0.0,0.0,116.0,0.0,7.39,0.0,0.0,east_south_central_naturalgas_ccs100,0.6,0.0,1.0,1.0,0.0,0.0,0.0,0.0,0.0,0.0,0.0,0.64,0.64,6,6,0.0,0.0,0,0.938,0.0,0.037,30.0,0.0,0,0.0,0.0,0,0.0,20.0,79140.0,0.0,0.0,0.0,0.0,0.0,0.0,0.0,0.0,0.0,0.0,0.0,0.0,0.0,1
ERC_REST,ERC_REST_landbasedwind_class6_moderate_1,LandbasedWind_Class6_Moderate_,1,63,2,0.0,0,1,0,0,0,0.0,0.0,0.0,0,0,0.0,1,0.0,0.0,0.0,0.0,0.0,0.0,1,1.0,0.0,6967.0,-1.0,-1.0,0.0,0.0,0.0,0.0,1184739.927,68677,42263,0.0,0,0,0.0,0.0,0.0,0.0,0.0,0.0,0.0,0.0,0.0,0.0,None,0.0,0.0,1.0,1.0,0.0,0.0,0.0,0.0,0.0,0.0,0.0,1.0,1.0,0,0,0.0,0.0,1,0.933,31.569,0.031,30.0,0.0,0,0.0,0.0,0,0.0,0.0,0.0,0.0,0.0,0.0,0.0,10980.09,0.0,0.0,0.0,0.0,0.0,0.0,0.0,0.0,0
ERC_REST,ERC_REST_landbasedwind_class6_moderate_2,LandbasedWind_Class6_Moderate_,2,64,2,0.0,0,1,0,0,0,0.0,0.0,0.0,0,0,0.0,1,0.0,0.0,0.0,0.0,0.0,0.0,1,1.0,0.0,11799.4,-1.0,-1.0,0.0,0.0,0.0,0.0,1184739.927,73362,42263,0.0,0,0,0.0,0.0,0.0,0.0,0.0,0.0,0.0,0.0,0.0,0.0,None,0.0,0.0,1.0,1.0,0.0,0.0,0.0,0.0,0.0,0.0,0.0,1.0,1.0,0,0,0.0,0.0,1,0.933,30.86,0.031,30.0,0.0,0,0.0,0.0,0,0.0,0.0,0.0,0.0,0.0,0.0,0.0,15665.542,0.0,0.0,0.0,0.0,0.0,0.0,0.0,0.0,0
ERC_REST,ERC_REST_landbasedwind_class6_moderate_3,LandbasedWind_Class6_Moderate_,3,65,2,0.0,0,1,0,0,0,0.0,0.0,0.0,0,0,0.0,1,0.0,0.0,0.0,0.0,0.0,0.0,1,1.0,0.0,17406.5,-1.0,-1.0,0.0,0.0,0.0,0.0,1184739.927,77487,42263,0.0,0,0,0.0,0.0,0.0,0.0,0.0,0.0,0.0,0.0,0.0,0.0,None,0.0,0.0,1.0,1.0,0.0,0.0,0.0,0.0,0.0,0.0,0.0,1.0,1.0,0,0,0.0,0.0,1,0.933,29.833,0.031,30.0,0.0,0,0.0,0.0,0,0.0,0.0,0.0,0.0,0.0,0.0,0.0,19790.394,0.0,0.0,0.0,0.0,0.0,0.0,0.0,0.0,0
ERC_REST,ERC_REST_landbasedwind_class6_moderate_4,LandbasedWind_Class6_Moderate_,4,66,2,0.0,0,1,0,0,0,0.0,0.0,0.0,0,0,0.0,1,0.0,0.0,0.0,0.0,0.0,0.0,1,1.0,0.0,6792.0,-1.0,-1.0,0.0,0.0,0.0,0.0,1184739.927,69122,42263,0.0,0,0,0.0,0.0,0.0,0.0,0.0,0.0,0.0,0.0,0.0,0.0,None,0.0,0.0,1.0,1.0,0.0,0.0,0.0,0.0,0.0,0.0,0.0,1.0,1.0,0,0,0.0,0.0,1,0.933,34.744,0.031,30.0,0.0,0,0.0,0.0,0,0.0,0.0,0.0,0.0,0.0,0.0,0.0,11425.728,0.0,0.0,0.0,0.0,0.0,0.0,0.0,0.0,0
ERC_REST,ERC_REST_landbasedwind_class6_moderate_5,LandbasedWind_Class6_Moderate_,5,67,2,0.0,0,1,0,0,0,0.0,0.0,0.0,0,0,0.0,1,0.0,0.0,0.0,0.0,0.0,0.0,1,1.0,0.0,11035.5,-1.0,-1.0,0.0,0.0,0.0,0.0,1184739.927,74111,42263,0.0,0,0,0.0,0.0,0.0,0.0,0.0,0.0,0.0,0.0,0.0,0.0,None,0.0,0.0,1.0,1.0,0.0,0.0,0.0,0.0,0.0,0.0,0.0,1.0,1.0,0,0,0.0,0.0,1,0.933,34.337,0.031,30.0,0.0,0,0.0,0.0,0,0.0,0.0,0.0,0.0,0.0,0.0,0.0,16414.402,0.0,0.0,0.0,0.0,0.0,0.0,0.0,0.0,0
ERC_REST,ERC_REST_landbasedwind_class6_moderate_6,LandbasedWind_Class6_Moderate_,6,68,2,0.0,0,1,0,0,0,0.0,0.0,0.0,0,0,0.0,1,0.0,0.0,0.0,0.0,0.0,0.0,1,1.0,0.0,18382.7,-1.0,-1.0,0.0,0.0,0.0,0.0,1184739.927,80074,42263,0.0,0,0,0.0,0.0,0.0,0.0,0.0,0.0,0.0,0.0,0.0,0.0,None,0.0,0.0,1.0,1.0,0.0,0.0,0.0,0.0,0.0,0.0,0.0,1.0,1.0,0,0,0.0,0.0,1,0.933,33.835,0.031,30.0,0.0,0,0.0,0.0,0,0.0,0.0,0.0,0.0,0.0,0.0,0.0,22377.102,0.0,0.0,0.0,0.0,0.0,0.0,0.0,0.0,0
ERC_REST,ERC_REST_landbasedwind_class6_moderate_7,LandbasedWind_Class6_Moderate_,7,69,2,0.0,0,1,0,0,0,0.0,0.0,0.0,0,0,0.0,1,0.0,0.0,0.0,0.0,0.0,0.0,1,1.0,0.0,7849.4,-1.0,-1.0,0.0,0.0,0.0,0.0,1184739.927,67998,42263,0.0,0,0,0.0,0.0,0.0,0.0,0.0,0.0,0.0,0.0,0.0,0.0,None,0.0,0.0,1.0,1.0,0.0,0.0,0.0,0.0,0.0,0.0,0.0,1.0,1.0,0,0,0.0,0.0,1,0.933,37.04,0.031,30.0,0.0,0,0.0,0.0,0,0.0,0.0,0.0,0.0,0.0,0.0,0.0,10301.584,0.0,0.0,0.0,0.0,0.0,0.0,0.0,0.0,0
ERC_REST,ERC_REST_landbasedwind_class6_moderate_8,LandbasedWind_Class6_Moderate_,8,70,2,0.0,0,1,0,0,0,0.0,0.0,0.0,0,0,0.0,1,0.0,0.0,0.0,0.0,0.0,0.0,1,1.0,0.0,11180.9,-1.0,-1.0,0.0,0.0,0.0,0.0,1184739.927,72512,42263,0.0,0,0,0.0,0.0,0.0,0.0,0.0,0.0,0.0,0.0,0.0,0.0,None,0.0,0.0,1.0,1.0,0.0,0.0,0.0,0.0,0.0,0.0,0.0,1.0,1.0,0,0,0.0,0.0,1,0.933,36.694,0.031,30.0,0.0,0,0.0,0.0,0,0.0,0.0,0.0,0.0,0.0,0.0,0.0,14815.229,0.0,0.0,0.0,0.0,0.0,0.0,0.0,0.0,0
ERC_REST,ERC_REST_landbasedwind_class6_moderate_9,LandbasedWind_Class6_Moderate_,9,71,2,0.0,0,1,0,0,0,0.0,0.0,0.0,0,0,0.0,1,0.0,0.0,0.0,0.0,0.0,0.0,1,1.0,0.0,17166.4,-1.0,-1.0,0.0,0.0,0.0,0.0,1184739.927,82488,42263,0.0,0,0,0.0,0.0,0.0,0.0,0.0,0.0,0.0,0.0,0.0,0.0,None,0.0,0.0,1.0,1.0,0.0,0.0,0.0,0.0,0.0,0.0,0.0,1.0,1.0,0,0,0.0,0.0,1,0.933,36.462,0.031,30.0,0.0,0,0.0,0.0,0,0.0,0.0,0.0,0.0,0.0,0.0,0.0,24791.722,0.0,0.0,0.0,0.0,0.0,0.0,0.0,0.0,0
ERC_REST,ERC_REST_landbasedwind_class6_moderate_10,LandbasedWind_Class6_Moderate_,10,72,2,0.0,0,1,0,0,0,0.0,0.0,0.0,0,0,0.0,1,0.0,0.0,0.0,0.0,0.0,0.0,1,1.0,0.0,9065.1,-1.0,-1.0,0.0,0.0,0.0,0.0,1184739.927,69435,42263,0.0,0,0,0.0,0.0,0.0,0.0,0.0,0.0,0.0,0.0,0.0,0.0,None,0.0,0.0,1.0,1.0,0.0,0.0,0.0,0.0,0.0,0.0,0.0,1.0,1.0,0,0,0.0,0.0,1,0.933,39.252,0.031,30.0,0.0,0,0.0,0.0,0,0.0,0.0,0.0,0.0,0.0,0.0,0.0,11738.378,0.0,0.0,0.0,0.0,0.0,0.0,0.0,0.0,0
ERC_REST,ERC_REST_landbasedwind_class6_moderate_11,LandbasedWind_Class6_Moderate_,11,73,2,0.0,0,1,0,0,0,0.0,0.0,0.0,0,0,0.0,1,0.0,0.0,0.0,0.0,0.0,0.0,1,1.0,0.0,10562.9,-1.0,-1.0,0.0,0.0,0.0,0.0,1184739.927,73045,42263,0.0,0,0,0.0,0.0,0.0,0.0,0.0,0.0,0.0,0.0,0.0,0.0,None,0.0,0.0,1.0,1.0,0.0,0.0,0.0,0.0,0.0,0.0,0.0,1.0,1.0,0,0,0.0,0.0,1,0.933,38.67,0.031,30.0,0.0,0,0.0,0.0,0,0.0,0.0,0.0,0.0,0.0,0.0,0.0,15348.806,0.0,0.0,0.0,0.0,0.0,0.0,0.0,0.0,0
ERC_REST,ERC_REST_landbasedwind_class6_moderate_12,LandbasedWind_Class6_Moderate_,12,74,2,0.0,0,1,0,0,0,0.0,0.0,0.0,0,0,0.0,1,0.0,0.0,0.0,0.0,0.0,0.0,1,1.0,0.0,16440.9,-1.0,-1.0,0.0,0.0,0.0,0.0,1184739.927,83708,42263,0.0,0,0,0.0,0.0,0.0,0.0,0.0,0.0,0.0,0.0,0.0,0.0,None,0.0,0.0,1.0,1.0,0.0,0.0,0.0,0.0,0.0,0.0,0.0,1.0,1.0,0,0,0.0,0.0,1,0.933,38.583,0.031,30.0,0.0,0,0.0,0.0,0,0.0,0.0,0.0,0.0,0.0,0.0,0.0,26011.438,0.0,0.0,0.0,0.0,0.0,0.0,0.0,0.0,0
ERC_REST,ERC_REST_landbasedwind_class6_moderate_13,LandbasedWind_Class6_Moderate_,13,75,2,0.0,0,1,0,0,0,0.0,0.0,0.0,0,0,0.0,1,0.0,0.0,0.0,0.0,0.0,0.0,1,1.0,0.0,11137.7,-1.0,-1.0,0.0,0.0,0.0,0.0,1184739.927,75011,42263,0.0,0,0,0.0,0.0,0.0,0.0,0.0,0.0,0.0,0.0,0.0,0.0,None,0.0,0.0,1.0,1.0,0.0,0.0,0.0,0.0,0.0,0.0,0.0,1.0,1.0,0,0,0.0,0.0,1,0.933,45.814,0.031,30.0,0.0,0,0.0,0.0,0,0.0,0.0,0.0,0.0,0.0,0.0,0.0,17314.951,0.0,0.0,0.0,0.0,0.0,0.0,0.0,0.0,0
ERC_REST,ERC_REST_landbasedwind_class6_moderate_14,LandbasedWind_Class6_Moderate_,14,76,2,0.0,0,1,0,0,0,0.0,0.0,0.0,0,0,0.0,1,0.0,0.0,0.0,0.0,0.0,0.0,1,1.0,0.0,12108.9,-1.0,-1.0,0.0,0.0,0.0,0.0,1184739.927,75774,42263,0.0,0,0,0.0,0.0,0.0,0.0,0.0,0.0,0.0,0.0,0.0,0.0,None,0.0,0.0,1.0,1.0,0.0,0.0,0.0,0.0,0.0,0.0,0.0,1.0,1.0,0,0,0.0,0.0,1,0.933,42.74,0.031,30.0,0.0,0,0.0,0.0,0,0.0,0.0,0.0,0.0,0.0,0.0,0.0,18077.851,0.0,0.0,0.0,0.0,0.0,0.0,0.0,0.0,0
ERC_REST,ERC_REST_landbasedwind_class6_moderate_15,LandbasedWind_Class6_Moderate_,15,77,2,0.0,0,1,0,0,0,0.0,0.0,0.0,0,0,0.0,1,0.0,0.0,0.0,0.0,0.0,0.0,1,1.0,0.0,12909.7,-1.0,-1.0,0.0,0.0,0.0,0.0,1184739.927,82018,42263,0.0,0,0,0.0,0.0,0.0,0.0,0.0,0.0,0.0,0.0,0.0,0.0,None,0.0,0.0,1.0,1.0,0.0,0.0,0.0,0.0,0.0,0.0,0.0,1.0,1.0,0,0,0.0,0.0,1,0.933,41.253,0.031,30.0,0.0,0,0.0,0.0,0,0.0,0.0,0.0,0.0,0.0,0.0,0.0,24321.307,0.0,0.0,0.0,0.0,0.0,0.0,0.0,0.0,0
ERC_REST,ERC_REST_utilitypv_class5_moderate_1,UtilityPV_Class5_Moderate_,1,78,2,0.0,0,1,0,0,0,0.0,0.0,0.0,0,0,0.0,1,0.0,0.0,0.0,0.0,0.0,0.0,1,1.0,0.0,181733.0,-1.0,-1.0,0.0,0.0,0.0,0.0,956750.755,66244,18094,0.0,0,0,0.0,0.0,0.0,0.0,0.0,0.0,0.0,0.0,0.0,0.0,None,0.0,0.0,1.0,1.0,0.0,0.0,0.0,0.0,0.0,0.0,0.0,1.0,1.0,0,0,0.0,0.0,1,0.968,30.931,0.024,20.0,0.0,0,0.0,0.0,0,0.0,0.0,0.0,0.0,0.0,0.0,0.0,6924.676,0.0,0.0,0.0,0.0,0.0,0.0,0.0,0.0,0
ERC_REST,ERC_REST_utilitypv_class5_moderate_2,UtilityPV_Class5_Moderate_,2,79,2,0.0,0,1,0,0,0,0.0,0.0,0.0,0,0,0.0,1,0.0,0.0,0.0,0.0,0.0,0.0,1,1.0,0.0,201857.1,-1.0,-1.0,0.0,0.0,0.0,0.0,956750.755,68605,18094,0.0,0,0,0.0,0.0,0.0,0.0,0.0,0.0,0.0,0.0,0.0,0.0,None,0.0,0.0,1.0,1.0,0.0,0.0,0.0,0.0,0.0,0.0,0.0,1.0,1.0,0,0,0.0,0.0,1,0.968,30.845,0.024,20.0,0.0,0,0.0,0.0,0,0.0,0.0,0.0,0.0,0.0,0.0,0.0,9285.582,0.0,0.0,0.0,0.0,0.0,0.0,0.0,0.0,0
ERC_REST,ERC_REST_utilitypv_class5_moderate_3,UtilityPV_Class5_Moderate_,3,80,2,0.0,0,1,0,0,0,0.0,0.0,0.0,0,0,0.0,1,0.0,0.0,0.0,0.0,0.0,0.0,1,1.0,0.0,175618.8,-1.0,-1.0,0.0,0.0,0.0,0.0,956750.755,70224,18094,0.0,0,0,0.0,0.0,0.0,0.0,0.0,0.0,0.0,0.0,0.0,0.0,None,0.0,0.0,1.0,1.0,0.0,0.0,0.0,0.0,0.0,0.0,0.0,1.0,1.0,0,0,0.0,0.0,1,0.968,32.806,0.024,20.0,0.0,0,0.0,0.0,0,0.0,0.0,0.0,0.0,0.0,0.0,0.0,10904.65,0.0,0.0,0.0,0.0,0.0,0.0,0.0,0.0,0
ERC_REST,ERC_REST_utilitypv_class5_moderate_4,UtilityPV_Class5_Moderate_,4,81,2,0.0,0,1,0,0,0,0.0,0.0,0.0,0,0,0.0,1,0.0,0.0,0.0,0.0,0.0,0.0,1,1.0,0.0,207857.3,-1.0,-1.0,0.0,0.0,0.0,0.0,956750.755,73802,18094,0.0,0,0,0.0,0.0,0.0,0.0,0.0,0.0,0.0,0.0,0.0,0.0,None,0.0,0.0,1.0,1.0,0.0,0.0,0.0,0.0,0.0,0.0,0.0,1.0,1.0,0,0,0.0,0.0,1,0.968,32.764,0.024,20.0,0.0,0,0.0,0.0,0,0.0,0.0,0.0,0.0,0.0,0.0,0.0,14482.422,0.0,0.0,0.0,0.0,0.0,0.0,0.0,0.0,0
ERC_REST,ERC_REST_utilitypv_class5_moderate_5,UtilityPV_Class5_Moderate_,5,82,2,0.0,0,1,0,0,0,0.0,0.0,0.0,0,0,0.0,1,0.0,0.0,0.0,0.0,0.0,0.0,1,1.0,0.0,169899.5,-1.0,-1.0,0.0,0.0,0.0,0.0,956750.755,73204,18094,0.0,0,0,0.0,0.0,0.0,0.0,0.0,0.0,0.0,0.0,0.0,0.0,None,0.0,0.0,1.0,1.0,0.0,0.0,0.0,0.0,0.0,0.0,0.0,1.0,1.0,0,0,0.0,0.0,1,0.968,33.971,0.024,20.0,0.0,0,0.0,0.0,0,0.0,0.0,0.0,0.0,0.0,0.0,0.0,13884.756,0.0,0.0,0.0,0.0,0.0,0.0,0.0,0.0,0
ERC_REST,ERC_REST_utilitypv_class5_moderate_6,UtilityPV_Class5_Moderate_,6,83,2,0.0,0,1,0,0,0,0.0,0.0,0.0,0,0,0.0,1,0.0,0.0,0.0,0.0,0.0,0.0,1,1.0,0.0,213559.2,-1.0,-1.0,0.0,0.0,0.0,0.0,956750.755,77611,18094,0.0,0,0,0.0,0.0,0.0,0.0,0.0,0.0,0.0,0.0,0.0,0.0,None,0.0,0.0,1.0,1.0,0.0,0.0,0.0,0.0,0.0,0.0,0.0,1.0,1.0,0,0,0.0,0.0,1,0.968,34.027,0.024,20.0,0.0,0,0.0,0.0,0,0.0,0.0,0.0,0.0,0.0,0.0,0.0,18291.203,0.0,0.0,0.0,0.0,0.0,0.0,0.0,0.0,0
ERC_REST,ERC_REST_utilitypv_class5_moderate_7,UtilityPV_Class5_Moderate_,7,84,2,0.0,0,1,0,0,0,0.0,0.0,0.0,0,0,0.0,1,0.0,0.0,0.0,0.0,0.0,0.0,1,1.0,0.0,172147.5,-1.0,-1.0,0.0,0.0,0.0,0.0,956750.755,76941,18094,0.0,0,0,0.0,0.0,0.0,0.0,0.0,0.0,0.0,0.0,0.0,0.0,None,0.0,0.0,1.0,1.0,0.0,0.0,0.0,0.0,0.0,0.0,0.0,1.0,1.0,0,0,0.0,0.0,1,0.968,35.455,0.024,20.0,0.0,0,0.0,0.0,0,0.0,0.0,0.0,0.0,0.0,0.0,0.0,17621.231,0.0,0.0,0.0,0.0,0.0,0.0,0.0,0.0,0
ERC_REST,ERC_REST_utilitypv_class5_moderate_8,UtilityPV_Class5_Moderate_,8,85,2,0.0,0,1,0,0,0,0.0,0.0,0.0,0,0,0.0,1,0.0,0.0,0.0,0.0,0.0,0.0,1,1.0,0.0,211283.9,-1.0,-1.0,0.0,0.0,0.0,0.0,956750.755,80883,18094,0.0,0,0,0.0,0.0,0.0,0.0,0.0,0.0,0.0,0.0,0.0,0.0,None,0.0,0.0,1.0,1.0,0.0,0.0,0.0,0.0,0.0,0.0,0.0,1.0,1.0,0,0,0.0,0.0,1,0.968,35.374,0.024,20.0,0.0,0,0.0,0.0,0,0.0,0.0,0.0,0.0,0.0,0.0,0.0,21563.523,0.0,0.0,0.0,0.0,0.0,0.0,0.0,0.0,0
ERC_REST,ERC_REST_utilitypv_class5_moderate_9,UtilityPV_Class5_Moderate_,9,86,2,0.0,0,1,0,0,0,0.0,0.0,0.0,0,0,0.0,1,0.0,0.0,0.0,0.0,0.0,0.0,1,1.0,0.0,174227.1,-1.0,-1.0,0.0,0.0,0.0,0.0,956750.755,86745,18094,0.0,0,0,0.0,0.0,0.0,0.0,0.0,0.0,0.0,0.0,0.0,0.0,None,0.0,0.0,1.0,1.0,0.0,0.0,0.0,0.0,0.0,0.0,0.0,1.0,1.0,0,0,0.0,0.0,1,0.968,39.549,0.024,20.0,0.0,0,0.0,0.0,0,0.0,0.0,0.0,0.0,0.0,0.0,0.0,27425.935,0.0,0.0,0.0,0.0,0.0,0.0,0.0,0.0,0
ERC_REST,ERC_REST_utilitypv_class5_moderate_10,UtilityPV_Class5_Moderate_,10,87,2,0.0,0,1,0,0,0,0.0,0.0,0.0,0,0,0.0,1,0.0,0.0,0.0,0.0,0.0,0.0,1,1.0,0.0,209251.2,-1.0,-1.0,0.0,0.0,0.0,0.0,956750.755,86865,18094,0.0,0,0,0.0,0.0,0.0,0.0,0.0,0.0,0.0,0.0,0.0,0.0,None,0.0,0.0,1.0,1.0,0.0,0.0,0.0,0.0,0.0,0.0,0.0,1.0,1.0,0,0,0.0,0.0,1,0.968,38.532,0.024,20.0,0.0,0,0.0,0.0,0,0.0,0.0,0.0,0.0,0.0,0.0,0.0,27545.506,0.0,0.0,0.0,0.0,0.0,0.0,0.0,0.0,0
ERC_REST,ERC_REST_offshorewind_class8_moderate_floating_1_1,OffShoreWind_Class8_Moderate_floating_1,1,88,2,0.0,0,1,0,0,0,0.0,0.0,0.0,0,0,0.0,1,0.0,0.0,0.0,0.0,0.0,0.0,1,1.0,0.0,17442.9,-1.0,-1.0,0.0,0.0,0.0,0.0,4042034.74,327076,69016,0.0,0,0,0.0,0.0,0.0,0.0,0.0,0.0,0.0,0.0,0.0,0.0,None,0.0,0.0,1.0,1.0,0.0,0.0,0.0,0.0,0.0,0.0,0.0,1.0,1.0,0,0,0.0,0.0,1,0.977,108.691,0.042,30.0,0.0,0,0.0,0.0,0,0.0,0.0,0.0,0.0,0.0,0.0,0.0,91989.483,0.0,0.0,0.0,0.0,0.0,0.0,0.0,0.0,0
ERC_REST,ERC_REST_offshorewind_class8_moderate_floating_1_2,OffShoreWind_Class8_Moderate_floating_1,2,89,2,0.0,0,1,0,0,0,0.0,0.0,0.0,0,0,0.0,1,0.0,0.0,0.0,0.0,0.0,0.0,1,1.0,0.0,17417.4,-1.0,-1.0,0.0,0.0,0.0,0.0,4042034.74,328556,69016,0.0,0,0,0.0,0.0,0.0,0.0,0.0,0.0,0.0,0.0,0.0,0.0,None,0.0,0.0,1.0,1.0,0.0,0.0,0.0,0.0,0.0,0.0,0.0,1.0,1.0,0,0,0.0,0.0,1,0.977,111.004,0.042,30.0,0.0,0,0.0,0.0,0,0.0,0.0,0.0,0.0,0.0,0.0,0.0,93469.366,0.0,0.0,0.0,0.0,0.0,0.0,0.0,0.0,0
ERC_REST,ERC_REST_offshorewind_class8_moderate_floating_1_3,OffShoreWind_Class8_Moderate_floating_1,3,90,2,0.0,0,1,0,0,0,0.0,0.0,0.0,0,0,0.0,1,0.0,0.0,0.0,0.0,0.0,0.0,1,1.0,0.0,17400.0,-1.0,-1.0,0.0,0.0,0.0,0.0,4042034.74,328765,69016,0.0,0,0,0.0,0.0,0.0,0.0,0.0,0.0,0.0,0.0,0.0,0.0,None,0.0,0.0,1.0,1.0,0.0,0.0,0.0,0.0,0.0,0.0,0.0,1.0,1.0,0,0,0.0,0.0,1,0.977,112.468,0.042,30.0,0.0,0,0.0,0.0,0,0.0,0.0,0.0,0.0,0.0,0.0,0.0,93678.37,0.0,0.0,0.0,0.0,0.0,0.0,0.0,0.0,0
ERC_REST,ERC_REST_offshorewind_class8_moderate_floating_1_4,OffShoreWind_Class8_Moderate_floating_1,4,91,2,0.0,0,1,0,0,0,0.0,0.0,0.0,0,0,0.0,1,0.0,0.0,0.0,0.0,0.0,0.0,1,1.0,0.0,17399.7,-1.0,-1.0,0.0,0.0,0.0,0.0,4042034.74,326229,69016,0.0,0,0,0.0,0.0,0.0,0.0,0.0,0.0,0.0,0.0,0.0,0.0,None,0.0,0.0,1.0,1.0,0.0,0.0,0.0,0.0,0.0,0.0,0.0,1.0,1.0,0,0,0.0,0.0,1,0.977,114.449,0.042,30.0,0.0,0,0.0,0.0,0,0.0,0.0,0.0,0.0,0.0,0.0,0.0,91142.468,0.0,0.0,0.0,0.0,0.0,0.0,0.0,0.0,0
ERC_REST,ERC_REST_offshorewind_class8_moderate_floating_1_5,OffShoreWind_Class8_Moderate_floating_1,5,92,2,0.0,0,1,0,0,0,0.0,0.0,0.0,0,0,0.0,1,0.0,0.0,0.0,0.0,0.0,0.0,1,1.0,0.0,17313.0,-1.0,-1.0,0.0,0.0,0.0,0.0,4042034.74,317920,69016,0.0,0,0,0.0,0.0,0.0,0.0,0.0,0.0,0.0,0.0,0.0,0.0,None,0.0,0.0,1.0,1.0,0.0,0.0,0.0,0.0,0.0,0.0,0.0,1.0,1.0,0,0,0.0,0.0,1,0.977,117.641,0.042,30.0,0.0,0,0.0,0.0,0,0.0,0.0,0.0,0.0,0.0,0.0,0.0,82833.662,0.0,0.0,0.0,0.0,0.0,0.0,0.0,0.0,0
ERC_REST,ERC_REST_offshorewind_class8_moderate_floating_0_1,OffShoreWind_Class8_Moderate_floating_0,1,93,2,0.0,0,1,0,0,0,0.0,0.0,0.0,0,0,0.0,1,0.0,0.0,0.0,0.0,0.0,0.0,1,1.0,0.0,292.1,-1.0,-1.0,0.0,0.0,0.0,0.0,4042034.74,339251,69016,0.0,0,0,0.0,0.0,0.0,0.0,0.0,0.0,0.0,0.0,0.0,0.0,None,0.0,0.0,1.0,1.0,0.0,0.0,0.0,0.0,0.0,0.0,0.0,1.0,1.0,0,0,0.0,0.0,1,0.977,113.011,0.042,30.0,0.0,0,0.0,0.0,0,0.0,0.0,0.0,0.0,0.0,0.0,0.0,104164.198,0.0,0.0,0.0,0.0,0.0,0.0,0.0,0.0,0
ERC_REST,ERC_REST_offshorewind_class8_moderate_floating_0_2,OffShoreWind_Class8_Moderate_floating_0,2,94,2,0.0,0,1,0,0,0,0.0,0.0,0.0,0,0,0.0,1,0.0,0.0,0.0,0.0,0.0,0.0,1,1.0,0.0,245.7,-1.0,-1.0,0.0,0.0,0.0,0.0,4042034.74,339092,69016,0.0,0,0,0.0,0.0,0.0,0.0,0.0,0.0,0.0,0.0,0.0,0.0,None,0.0,0.0,1.0,1.0,0.0,0.0,0.0,0.0,0.0,0.0,0.0,1.0,1.0,0,0,0.0,0.0,1,0.977,113.585,0.042,30.0,0.0,0,0.0,0.0,0,0.0,0.0,0.0,0.0,0.0,0.0,0.0,104005.513,0.0,0.0,0.0,0.0,0.0,0.0,0.0,0.0,0
ERC_REST,ERC_REST_offshorewind_class8_moderate_floating_0_3,OffShoreWind_Class8_Moderate_floating_0,3,95,2,0.0,0,1,0,0,0,0.0,0.0,0.0,0,0,0.0,1,0.0,0.0,0.0,0.0,0.0,0.0,1,1.0,0.0,225.9,-1.0,-1.0,0.0,0.0,0.0,0.0,4042034.74,337524,69016,0.0,0,0,0.0,0.0,0.0,0.0,0.0,0.0,0.0,0.0,0.0,0.0,None,0.0,0.0,1.0,1.0,0.0,0.0,0.0,0.0,0.0,0.0,0.0,1.0,1.0,0,0,0.0,0.0,1,0.977,113.971,0.042,30.0,0.0,0,0.0,0.0,0,0.0,0.0,0.0,0.0,0.0,0.0,0.0,102437.975,0.0,0.0,0.0,0.0,0.0,0.0,0.0,0.0,0
ERC_REST,ERC_REST_offshorewind_class8_moderate_floating_0_4,OffShoreWind_Class8_Moderate_floating_0,4,96,2,0.0,0,1,0,0,0,0.0,0.0,0.0,0,0,0.0,1,0.0,0.0,0.0,0.0,0.0,0.0,1,1.0,0.0,283.8,-1.0,-1.0,0.0,0.0,0.0,0.0,4042034.74,337344,69016,0.0,0,0,0.0,0.0,0.0,0.0,0.0,0.0,0.0,0.0,0.0,0.0,None,0.0,0.0,1.0,1.0,0.0,0.0,0.0,0.0,0.0,0.0,0.0,1.0,1.0,0,0,0.0,0.0,1,0.977,115.259,0.042,30.0,0.0,0,0.0,0.0,0,0.0,0.0,0.0,0.0,0.0,0.0,0.0,102257.143,0.0,0.0,0.0,0.0,0.0,0.0,0.0,0.0,0
ERC_REST,ERC_REST_offshorewind_class8_moderate_floating_0_5,OffShoreWind_Class8_Moderate_floating_0,5,97,2,0.0,0,1,0,0,0,0.0,0.0,0.0,0,0,0.0,1,0.0,0.0,0.0,0.0,0.0,0.0,1,1.0,0.0,180.1,-1.0,-1.0,0.0,0.0,0.0,0.0,4042034.74,337026,69016,0.0,0,0,0.0,0.0,0.0,0.0,0.0,0.0,0.0,0.0,0.0,0.0,None,0.0,0.0,1.0,1.0,0.0,0.0,0.0,0.0,0.0,0.0,0.0,1.0,1.0,0,0,0.0,0.0,1,0.977,115.863,0.042,30.0,0.0,0,0.0,0.0,0,0.0,0.0,0.0,0.0,0.0,0.0,0.0,101939.764,0.0,0.0,0.0,0.0,0.0,0.0,0.0,0.0,0
ERC_WEST,ERC_WEST_naturalgas_ccavgcf_moderate_0,NaturalGas_CCAvgCF_Moderate,0,98,3,0.0,1,0,0,0,0,0.0,0.0,0.0,0,0,0.0,1,0.0,0.0,0.0,0.0,0.0,0.0,1,500.0,0.0,-1.0,-1.0,-1.0,0.0,0.0,0.0,0.0,976636.723,48834,29315,0.0,0,0,2.09,0.0,0.0,0.0,0.0,116.0,2.0,6.36,0.0,0.0,east_south_central_naturalgas,0.2,0.0,1.0,1.0,0.0,0.0,0.0,0.0,0.0,0.0,0.0,0.64,0.64,6,6,0.0,0.0,0,0.889,0.0,0.037,30.0,0.0,0,0.0,0.0,0,0.0,0.0,0.0,0.0,0.0,0.0,0.0,0.0,0.0,0.0,0.0,0.0,0.0,0.0,0.0,0.0,1
ERC_WEST,ERC_WEST_naturalgas_ctavgcf_moderate_0,NaturalGas_CTAvgCF_Moderate,0,99,3,0.0,1,0,0,0,0,0.0,0.0,0.0,0,0,0.0,1,0.0,0.0,0.0,0.0,0.0,0.0,1,100.0,0.0,-1.0,-1.0,-1.0,0.0,0.0,0.0,0.0,846628.955,41991,21986,0.0,0,0,5.24,0.0,0.0,0.0,0.0,151.0,3.5,9.72,0.0,0.0,east_south_central_naturalgas,0.3,0.0,1.0,1.0,0.0,0.0,0.0,0.0,0.0,0.0,0.0,3.78,3.78,1,1,0.0,0.0,0,0.882,0.0,0.037,30.0,0.0,0,0.0,0.0,0,0.0,0.0,0.0,0.0,0.0,0.0,0.0,0.0,0.0,0.0,0.0,0.0,0.0,0.0,0.0,0.0,1
ERC_WEST,ERC_WEST_naturalgas_ccccsavgcf_moderate_0,NaturalGas_CCCCSAvgCF_Moderate,0,100,3,0.0,1,0,0,0,0,0.0,0.0,0.0,0,0,0.0,1,0.0,0.0,0.0,0.0,0.0,0.0,1,500.0,0.0,-1.0,-1.0,-1.0,0.0,0.0,0.0,0.0,2222571.992,121517,65933,0.0,0,0,13.25,0.0,0.0,0.0,0.0,116.0,0.0,7.02,0.0,0.0,east_south_central_naturalgas_ccs90,0.6,0.0,1.0,1.0,0.0,0.0,0.0,0.0,0.0,0.0,0.0,0.64,0.64,6,6,0.0,0.0,0,0.938,0.0,0.037,30.0,0.0,0,0.0,0.0,0,0.0,20.0,79140.0,0.0,0.0,0.0,0.0,0.0,0.0,1538.029,18036.292,20.771,0.335,6.968,0.0,0.0,1
ERC_WEST,ERC_WEST_battery_moderate_0,Battery_*_Moderate,0,101,3,0.0,0,0,0,1,0,0.0,0.0,0.0,0,0,0.0,0,0.0,0.0,0.0,0.0,0.0,0.0,1,1.0,0.0,-1.0,-1.0,-1.0,0.0,0.0,0.0,0.0,262257.335,21149,6556,209016.594,16855,5225,0.0,0.0,0.0,0.0,0.0,0.0,0.0,0.0,0.0,0.0,None,0.0,0.0,0.92,0.92,0.0,1.0,10.0,0.0,0.0,0.0,0.0,1.0,1.0,0,0,0.0,0.0,0,1.0,0.0,0.024,15.0,0.0,0,0.0,0.0,0,0.0,0.0,0.0,0.0,0.0,0.0,0.0,0.0,0.0,0.0,0.0,0.0,0.0,0.0,0.0,0.0,0
ERC_WEST,ERC_WEST_nuclear_nuclear_moderate_0,Nuclear_Nuclear_Moderate,0,102,3,0.0,1,0,0,0,0,0.0,0.0,0.0,0,0,0.0,1,0.0,0.0,0.0,0.0,0.0,0.0,1,500.0,0.0,-1.0,-1.0,-1.0,0.0,0.0,0.0,0.0,7382641.072,325844,152817,0.0,0,0,2.97,0.0,0.0,0.0,0.0,313.0,0.0,10.44,0.0,0.0,east_south_central_uranium,0.5,0.0,1.0,1.0,0.0,0.0,0.0,0.0,0.0,0.0,0.0,0.25,0.25,24,24,0.0,0.0,0,0.944,0.0,0.033,40.0,0.0,0,0.0,0.0,0,0.0,50.0,197850.0,0.0,0.0,0.0,0.0,0.0,0.0,0.0,0.0,0.0,0.0,0.0,0.0,0.0,1
ERC_WEST,ERC_WEST_naturalgas_ccs100_moderate_0,NaturalGas_CCS100_Moderate,0,103,3,0.0,1,0,0,0,0,0.0,0.0,0.0,0,0,0.0,1,0.0,0.0,0.0,0.0,0.0,0.0,1,500.0,0.0,-1.0,-1.0,-1.0,0.0,0.0,0.0,0.0,2320535.7,126098,75106,0.0,0,0,6.76,0.0,0.0,0.0,0.0,116.0,0.0,7.39,0.0,0.0,east_south_central_naturalgas_ccs100,0.6,0.0,1.0,1.0,0.0,0.0,0.0,0.0,0.0,0.0,0.0,0.64,0.64,6,6,0.0,0.0,0,0.938,0.0,0.037,30.0,0.0,0,0.0,0.0,0,0.0,20.0,79140.0,0.0,0.0,0.0,0.0,0.0,0.0,0.0,0.0,0.0,0.0,0.0,0.0,0.0,1
ERC_WEST,ERC_WEST_landbasedwind_class6_moderate_1,LandbasedWind_Class6_Moderate_,1,104,3,0.0,0,1,0,0,0,0.0,0.0,0.0,0,0,0.0,1,0.0,0.0,0.0,0.0,0.0,0.0,1,1.0,0.0,15539.8,-1.0,-1.0,0.0,0.0,0.0,0.0,1184739.927,65583,42263,0.0,0,0,0.0,0.0,0.0,0.0,0.0,0.0,0.0,0.0,0.0,0.0,None,0.0,0.0,1.0,1.0,0.0,0.0,0.0,0.0,0.0,0.0,0.0,1.0,1.0,0,0,0.0,0.0,1,0.933,30.243,0.031,30.0,0.0,0,0.0,0.0,0,0.0,0.0,0.0,0.0,0.0,0.0,0.0,7886.98,0.0,0.0,0.0,0.0,0.0,0.0,0.0,0.0,0
ERC_WEST,ERC_WEST_landbasedwind_class6_moderate_2,LandbasedWind_Class6_Moderate_,2,105,3,0.0,0,1,0,0,0,0.0,0.0,0.0,0,0,0.0,1,0.0,0.0,0.0,0.0,0.0,0.0,1,1.0,0.0,16007.9,-1.0,-1.0,0.0,0.0,0.0,0.0,1184739.927,72471,42263,0.0,0,0,0.0,0.0,0.0,0.0,0.0,0.0,0.0,0.0,0.0,0.0,None,0.0,0.0,1.0,1.0,0.0,0.0,0.0,0.0,0.0,0.0,0.0,1.0,1.0,0,0,0.0,0.0,1,0.933,29.736,0.031,30.0,0.0,0,0.0,0.0,0,0.0,0.0,0.0,0.0,0.0,0.0,0.0,14774.39,0.0,0.0,0.0,0.0,0.0,0.0,0.0,0.0,0
ERC_WEST,ERC_WEST_landbasedwind_class6_moderate_3,LandbasedWind_Class6_Moderate_,3,106,3,0.0,0,1,0,0,0,0.0,0.0,0.0,0,0,0.0,1,0.0,0.0,0.0,0.0,0.0,0.0,1,1.0,0.0,16612.7,-1.0,-1.0,0.0,0.0,0.0,0.0,1184739.927,74987,42263,0.0,0,0,0.0,0.0,0.0,0.0,0.0,0.0,0.0,0.0,0.0,0.0,None,0.0,0.0,1.0,1.0,0.0,0.0,0.0,0.0,0.0,0.0,0.0,1.0,1.0,0,0,0.0,0.0,1,0.933,28.711,0.031,30.0,0.0,0,0.0,0.0,0,0.0,0.0,0.0,0.0,0.0,0.0,0.0,17290.721,0.0,0.0,0.0,0.0,0.0,0.0,0.0,0.0,0
ERC_WEST,ERC_WEST_landbasedwind_class6_moderate_4,LandbasedWind_Class6_Moderate_,4,107,3,0.0,0,1,0,0,0,0.0,0.0,0.0,0,0,0.0,1,0.0,0.0,0.0,0.0,0.0,0.0,1,1.0,0.0,15284.0,-1.0,-1.0,0.0,0.0,0.0,0.0,1184739.927,67973,42263,0.0,0,0,0.0,0.0,0.0,0.0,0.0,0.0,0.0,0.0,0.0,0.0,None,0.0,0.0,1.0,1.0,0.0,0.0,0.0,0.0,0.0,0.0,0.0,1.0,1.0,0,0,0.0,0.0,1,0.933,33.283,0.031,30.0,0.0,0,0.0,0.0,0,0.0,0.0,0.0,0.0,0.0,0.0,0.0,10276.288,0.0,0.0,0.0,0.0,0.0,0.0,0.0,0.0,0
ERC_WEST,ERC_WEST_landbasedwind_class6_moderate_5,LandbasedWind_Class6_Moderate_,5,108,3,0.0,0,1,0,0,0,0.0,0.0,0.0,0,0,0.0,1,0.0,0.0,0.0,0.0,0.0,0.0,1,1.0,0.0,16584.5,-1.0,-1.0,0.0,0.0,0.0,0.0,1184739.927,73080,42263,0.0,0,0,0.0,0.0,0.0,0.0,0.0,0.0,0.0,0.0,0.0,0.0,None,0.0,0.0,1.0,1.0,0.0,0.0,0.0,0.0,0.0,0.0,0.0,1.0,1.0,0,0,0.0,0.0,1,0.933,32.972,0.031,30.0,0.0,0,0.0,0.0,0,0.0,0.0,0.0,0.0,0.0,0.0,0.0,15383.729,0.0,0.0,0.0,0.0,0.0,0.0,0.0,0.0,0
ERC_WEST,ERC_WEST_landbasedwind_class6_moderate_6,LandbasedWind_Class6_Moderate_,6,109,3,0.0,0,1,0,0,0,0.0,0.0,0.0,0,0,0.0,1,0.0,0.0,0.0,0.0,0.0,0.0,1,1.0,0.0,16364.0,-1.0,-1.0,0.0,0.0,0.0,0.0,1184739.927,79750,42263,0.0,0,0,0.0,0.0,0.0,0.0,0.0,0.0,0.0,0.0,0.0,0.0,None,0.0,0.0,1.0,1.0,0.0,0.0,0.0,0.0,0.0,0.0,0.0,1.0,1.0,0,0,0.0,0.0,1,0.933,32.578,0.031,30.0,0.0,0,0.0,0.0,0,0.0,0.0,0.0,0.0,0.0,0.0,0.0,22053.638,0.0,0.0,0.0,0.0,0.0,0.0,0.0,0.0,0
ERC_WEST,ERC_WEST_landbasedwind_class6_moderate_7,LandbasedWind_Class6_Moderate_,7,110,3,0.0,0,1,0,0,0,0.0,0.0,0.0,0,0,0.0,1,0.0,0.0,0.0,0.0,0.0,0.0,1,1.0,0.0,16196.5,-1.0,-1.0,0.0,0.0,0.0,0.0,1184739.927,73629,42263,0.0,0,0,0.0,0.0,0.0,0.0,0.0,0.0,0.0,0.0,0.0,0.0,None,0.0,0.0,1.0,1.0,0.0,0.0,0.0,0.0,0.0,0.0,0.0,1.0,1.0,0,0,0.0,0.0,1,0.933,39.532,0.031,30.0,0.0,0,0.0,0.0,0,0.0,0.0,0.0,0.0,0.0,0.0,0.0,15932.449,0.0,0.0,0.0,0.0,0.0,0.0,0.0,0.0,0
ERC_WEST,ERC_WEST_landbasedwind_class6_moderate_8,LandbasedWind_Class6_Moderate_,8,111,3,0.0,0,1,0,0,0,0.0,0.0,0.0,0,0,0.0,1,0.0,0.0,0.0,0.0,0.0,0.0,1,1.0,0.0,16488.2,-1.0,-1.0,0.0,0.0,0.0,0.0,1184739.927,75686,42263,0.0,0,0,0.0,0.0,0.0,0.0,0.0,0.0,0.0,0.0,0.0,0.0,None,0.0,0.0,1.0,1.0,0.0,0.0,0.0,0.0,0.0,0.0,0.0,1.0,1.0,0,0,0.0,0.0,1,0.933,37.391,0.031,30.0,0.0,0,0.0,0.0,0,0.0,0.0,0.0,0.0,0.0,0.0,0.0,17989.207,0.0,0.0,0.0,0.0,0.0,0.0,0.0,0.0,0
ERC_WEST,ERC_WEST_landbasedwind_class6_moderate_9,LandbasedWind_Class6_Moderate_,9,112,3,0.0,0,1,0,0,0,0.0,0.0,0.0,0,0,0.0,1,0.0,0.0,0.0,0.0,0.0,0.0,1,1.0,0.0,15445.5,-1.0,-1.0,0.0,0.0,0.0,0.0,1184739.927,80501,42263,0.0,0,0,0.0,0.0,0.0,0.0,0.0,0.0,0.0,0.0,0.0,0.0,None,0.0,0.0,1.0,1.0,0.0,0.0,0.0,0.0,0.0,0.0,0.0,1.0,1.0,0,0,0.0,0.0,1,0.933,35.929,0.031,30.0,0.0,0,0.0,0.0,0,0.0,0.0,0.0,0.0,0.0,0.0,0.0,22804.411,0.0,0.0,0.0,0.0,0.0,0.0,0.0,0.0,0
ERC_WEST,ERC_WEST_landbasedwind_class6_moderate_10,LandbasedWind_Class6_Moderate_,10,113,3,0.0,0,1,0,0,0,0.0,0.0,0.0,0,0,0.0,1,0.0,0.0,0.0,0.0,0.0,0.0,1,1.0,0.0,15074.7,-1.0,-1.0,0.0,0.0,0.0,0.0,1184739.927,81846,42263,0.0,0,0,0.0,0.0,0.0,0.0,0.0,0.0,0.0,0.0,0.0,0.0,None,0.0,0.0,1.0,1.0,0.0,0.0,0.0,0.0,0.0,0.0,0.0,1.0,1.0,0,0,0.0,0.0,1,0.933,53.921,0.031,30.0,0.0,0,0.0,0.0,0,0.0,0.0,0.0,0.0,0.0,0.0,0.0,24149.186,0.0,0.0,0.0,0.0,0.0,0.0,0.0,0.0,0
ERC_WEST,ERC_WEST_landbasedwind_class6_moderate_11,LandbasedWind_Class6_Moderate_,11,114,3,0.0,0,1,0,0,0,0.0,0.0,0.0,0,0,0.0,1,0.0,0.0,0.0,0.0,0.0,0.0,1,1.0,0.0,16680.3,-1.0,-1.0,0.0,0.0,0.0,0.0,1184739.927,80085,42263,0.0,0,0,0.0,0.0,0.0,0.0,0.0,0.0,0.0,0.0,0.0,0.0,None,0.0,0.0,1.0,1.0,0.0,0.0,0.0,0.0,0.0,0.0,0.0,1.0,1.0,0,0,0.0,0.0,1,0.933,47.883,0.031,30.0,0.0,0,0.0,0.0,0,0.0,0.0,0.0,0.0,0.0,0.0,0.0,22388.565,0.0,0.0,0.0,0.0,0.0,0.0,0.0,0.0,0
ERC_WEST,ERC_WEST_landbasedwind_class6_moderate_12,LandbasedWind_Class6_Moderate_,12,115,3,0.0,0,1,0,0,0,0.0,0.0,0.0,0,0,0.0,1,0.0,0.0,0.0,0.0,0.0,0.0,1,1.0,0.0,16384.8,-1.0,-1.0,0.0,0.0,0.0,0.0,1184739.927,80869,42263,0.0,0,0,0.0,0.0,0.0,0.0,0.0,0.0,0.0,0.0,0.0,0.0,None,0.0,0.0,1.0,1.0,0.0,0.0,0.0,0.0,0.0,0.0,0.0,1.0,1.0,0,0,0.0,0.0,1,0.933,43.66,0.031,30.0,0.0,0,0.0,0.0,0,0.0,0.0,0.0,0.0,0.0,0.0,0.0,23172.671,0.0,0.0,0.0,0.0,0.0,0.0,0.0,0.0,0
ERC_WEST,ERC_WEST_landbasedwind_class6_moderate_13,LandbasedWind_Class6_Moderate_,13,116,3,0.0,0,1,0,0,0,0.0,0.0,0.0,0,0,0.0,1,0.0,0.0,0.0,0.0,0.0,0.0,1,1.0,0.0,14800.0,-1.0,-1.0,0.0,0.0,0.0,0.0,1184739.927,196844,42263,0.0,0,0,0.0,0.0,0.0,0.0,0.0,0.0,0.0,0.0,0.0,0.0,None,0.0,0.0,1.0,1.0,0.0,0.0,0.0,0.0,0.0,0.0,0.0,1.0,1.0,0,0,0.0,0.0,1,0.933,112.855,0.031,30.0,0.0,0,0.0,0.0,0,0.0,0.0,0.0,0.0,0.0,0.0,0.0,139147.096,0.0,0.0,0.0,0.0,0.0,0.0,0.0,0.0,0
ERC_WEST,ERC_WEST_landbasedwind_class6_moderate_14,LandbasedWind_Class6_Moderate_,14,117,3,0.0,0,1,0,0,0,0.0,0.0,0.0,0,0,0.0,1,0.0,0.0,0.0,0.0,0.0,0.0,1,1.0,0.0,16385.7,-1.0,-1.0,0.0,0.0,0.0,0.0,1184739.927,217935,42263,0.0,0,0,0.0,0.0,0.0,0.0,0.0,0.0,0.0,0.0,0.0,0.0,None,0.0,0.0,1.0,1.0,0.0,0.0,0.0,0.0,0.0,0.0,0.0,1.0,1.0,0,0,0.0,0.0,1,0.933,98.525,0.031,30.0,0.0,0,0.0,0.0,0,0.0,0.0,0.0,0.0,0.0,0.0,0.0,160238.208,0.0,0.0,0.0,0.0,0.0,0.0,0.0,0.0,0
ERC_WEST,ERC_WEST_landbasedwind_class6_moderate_15,LandbasedWind_Class6_Moderate_,15,118,3,0.0,0,1,0,0,0,0.0,0.0,0.0,0,0,0.0,1,0.0,0.0,0.0,0.0,0.0,0.0,1,1.0,0.0,16922.6,-1.0,-1.0,0.0,0.0,0.0,0.0,1184739.927,216823,42263,0.0,0,0,0.0,0.0,0.0,0.0,0.0,0.0,0.0,0.0,0.0,0.0,None,0.0,0.0,1.0,1.0,0.0,0.0,0.0,0.0,0.0,0.0,0.0,1.0,1.0,0,0,0.0,0.0,1,0.933,85.235,0.031,30.0,0.0,0,0.0,0.0,0,0.0,0.0,0.0,0.0,0.0,0.0,0.0,159126.922,0.0,0.0,0.0,0.0,0.0,0.0,0.0,0.0,0
ERC_WEST,ERC_WEST_utilitypv_class5_moderate_1,UtilityPV_Class5_Moderate_,1,119,3,0.0,0,1,0,0,0,0.0,0.0,0.0,0,0,0.0,1,0.0,0.0,0.0,0.0,0.0,0.0,1,1.0,0.0,147354.1,-1.0,-1.0,0.0,0.0,0.0,0.0,956750.755,66936,18094,0.0,0,0,0.0,0.0,0.0,0.0,0.0,0.0,0.0,0.0,0.0,0.0,None,0.0,0.0,1.0,1.0,0.0,0.0,0.0,0.0,0.0,0.0,0.0,1.0,1.0,0,0,0.0,0.0,1,0.968,27.842,0.024,20.0,0.0,0,0.0,0.0,0,0.0,0.0,0.0,0.0,0.0,0.0,0.0,7616.032,0.0,0.0,0.0,0.0,0.0,0.0,0.0,0.0,0
ERC_WEST,ERC_WEST_utilitypv_class5_moderate_2,UtilityPV_Class5_Moderate_,2,120,3,0.0,0,1,0,0,0,0.0,0.0,0.0,0,0,0.0,1,0.0,0.0,0.0,0.0,0.0,0.0,1,1.0,0.0,143464.8,-1.0,-1.0,0.0,0.0,0.0,0.0,956750.755,70281,18094,0.0,0,0,0.0,0.0,0.0,0.0,0.0,0.0,0.0,0.0,0.0,0.0,None,0.0,0.0,1.0,1.0,0.0,0.0,0.0,0.0,0.0,0.0,0.0,1.0,1.0,0,0,0.0,0.0,1,0.968,28.144,0.024,20.0,0.0,0,0.0,0.0,0,0.0,0.0,0.0,0.0,0.0,0.0,0.0,10961.728,0.0,0.0,0.0,0.0,0.0,0.0,0.0,0.0,0
ERC_WEST,ERC_WEST_utilitypv_class5_moderate_3,UtilityPV_Class5_Moderate_,3,121,3,0.0,0,1,0,0,0,0.0,0.0,0.0,0,0,0.0,1,0.0,0.0,0.0,0.0,0.0,0.0,1,1.0,0.0,151382.4,-1.0,-1.0,0.0,0.0,0.0,0.0,956750.755,73187,18094,0.0,0,0,0.0,0.0,0.0,0.0,0.0,0.0,0.0,0.0,0.0,0.0,None,0.0,0.0,1.0,1.0,0.0,0.0,0.0,0.0,0.0,0.0,0.0,1.0,1.0,0,0,0.0,0.0,1,0.968,30.399,0.024,20.0,0.0,0,0.0,0.0,0,0.0,0.0,0.0,0.0,0.0,0.0,0.0,13867.72,0.0,0.0,0.0,0.0,0.0,0.0,0.0,0.0,0
ERC_WEST,ERC_WEST_utilitypv_class5_moderate_4,UtilityPV_Class5_Moderate_,4,122,3,0.0,0,1,0,0,0,0.0,0.0,0.0,0,0,0.0,1,0.0,0.0,0.0,0.0,0.0,0.0,1,1.0,0.0,139489.3,-1.0,-1.0,0.0,0.0,0.0,0.0,956750.755,76460,18094,0.0,0,0,0.0,0.0,0.0,0.0,0.0,0.0,0.0,0.0,0.0,0.0,None,0.0,0.0,1.0,1.0,0.0,0.0,0.0,0.0,0.0,0.0,0.0,1.0,1.0,0,0,0.0,0.0,1,0.968,30.215,0.024,20.0,0.0,0,0.0,0.0,0,0.0,0.0,0.0,0.0,0.0,0.0,0.0,17140.238,0.0,0.0,0.0,0.0,0.0,0.0,0.0,0.0,0
ERC_WEST,ERC_WEST_utilitypv_class5_moderate_5,UtilityPV_Class5_Moderate_,5,123,3,0.0,0,1,0,0,0,0.0,0.0,0.0,0,0,0.0,1,0.0,0.0,0.0,0.0,0.0,0.0,1,1.0,0.0,151366.2,-1.0,-1.0,0.0,0.0,0.0,0.0,956750.755,77657,18094,0.0,0,0,0.0,0.0,0.0,0.0,0.0,0.0,0.0,0.0,0.0,0.0,None,0.0,0.0,1.0,1.0,0.0,0.0,0.0,0.0,0.0,0.0,0.0,1.0,1.0,0,0,0.0,0.0,1,0.968,32.358,0.024,20.0,0.0,0,0.0,0.0,0,0.0,0.0,0.0,0.0,0.0,0.0,0.0,18337.267,0.0,0.0,0.0,0.0,0.0,0.0,0.0,0.0,0
ERC_WEST,ERC_WEST_utilitypv_class5_moderate_6,UtilityPV_Class5_Moderate_,6,124,3,0.0,0,1,0,0,0,0.0,0.0,0.0,0,0,0.0,1,0.0,0.0,0.0,0.0,0.0,0.0,1,1.0,0.0,139390.5,-1.0,-1.0,0.0,0.0,0.0,0.0,956750.755,82262,18094,0.0,0,0,0.0,0.0,0.0,0.0,0.0,0.0,0.0,0.0,0.0,0.0,None,0.0,0.0,1.0,1.0,0.0,0.0,0.0,0.0,0.0,0.0,0.0,1.0,1.0,0,0,0.0,0.0,1,0.968,32.376,0.024,20.0,0.0,0,0.0,0.0,0,0.0,0.0,0.0,0.0,0.0,0.0,0.0,22942.074,0.0,0.0,0.0,0.0,0.0,0.0,0.0,0.0,0
ERC_WEST,ERC_WEST_utilitypv_class5_moderate_7,UtilityPV_Class5_Moderate_,7,125,3,0.0,0,1,0,0,0,0.0,0.0,0.0,0,0,0.0,1,0.0,0.0,0.0,0.0,0.0,0.0,1,1.0,0.0,158208.8,-1.0,-1.0,0.0,0.0,0.0,0.0,956750.755,82912,18094,0.0,0,0,0.0,0.0,0.0,0.0,0.0,0.0,0.0,0.0,0.0,0.0,None,0.0,0.0,1.0,1.0,0.0,0.0,0.0,0.0,0.0,0.0,0.0,1.0,1.0,0,0,0.0,0.0,1,0.968,34.719,0.024,20.0,0.0,0,0.0,0.0,0,0.0,0.0,0.0,0.0,0.0,0.0,0.0,23592.613,0.0,0.0,0.0,0.0,0.0,0.0,0.0,0.0,0
ERC_WEST,ERC_WEST_utilitypv_class5_moderate_8,UtilityPV_Class5_Moderate_,8,126,3,0.0,0,1,0,0,0,0.0,0.0,0.0,0,0,0.0,1,0.0,0.0,0.0,0.0,0.0,0.0,1,1.0,0.0,132603.4,-1.0,-1.0,0.0,0.0,0.0,0.0,956750.755,96884,18094,0.0,0,0,0.0,0.0,0.0,0.0,0.0,0.0,0.0,0.0,0.0,0.0,None,0.0,0.0,1.0,1.0,0.0,0.0,0.0,0.0,0.0,0.0,0.0,1.0,1.0,0,0,0.0,0.0,1,0.968,37.179,0.024,20.0,0.0,0,0.0,0.0,0,0.0,0.0,0.0,0.0,0.0,0.0,0.0,37564.43,0.0,0.0,0.0,0.0,0.0,0.0,0.0,0.0,0
ERC_WEST,ERC_WEST_utilitypv_class5_moderate_9,UtilityPV_Class5_Moderate_,9,127,3,0.0,0,1,0,0,0,0.0,0.0,0.0,0,0,0.0,1,0.0,0.0,0.0,0.0,0.0,0.0,1,1.0,0.0,148521.0,-1.0,-1.0,0.0,0.0,0.0,0.0,956750.755,218661,18094,0.0,0,0,0.0,0.0,0.0,0.0,0.0,0.0,0.0,0.0,0.0,0.0,None,0.0,0.0,1.0,1.0,0.0,0.0,0.0,0.0,0.0,0.0,0.0,1.0,1.0,0,0,0.0,0.0,1,0.968,80.121,0.024,20.0,0.0,0,0.0,0.0,0,0.0,0.0,0.0,0.0,0.0,0.0,0.0,159341.474,0.0,0.0,0.0,0.0,0.0,0.0,0.0,0.0,0
ERC_WEST,ERC_WEST_utilitypv_class5_moderate_10,UtilityPV_Class5_Moderate_,10,128,3,0.0,0,1,0,0,0,0.0,0.0,0.0,0,0,0.0,1,0.0,0.0,0.0,0.0,0.0,0.0,1,1.0,0.0,142243.9,-1.0,-1.0,0.0,0.0,0.0,0.0,956750.755,220600,18094,0.0,0,0,0.0,0.0,0.0,0.0,0.0,0.0,0.0,0.0,0.0,0.0,None,0.0,0.0,1.0,1.0,0.0,0.0,0.0,0.0,0.0,0.0,0.0,1.0,1.0,0,0,0.0,0.0,1,0.968,78.64,0.024,20.0,0.0,0,0.0,0.0,0,0.0,0.0,0.0,0.0,0.0,0.0,0.0,161280.416,0.0,0.0,0.0,0.0,0.0,0.0,0.0,0.0,0
ERC_PHDL,ERC_PHDL_trans_light_duty_1,trans_light_duty,1,129,1,0.0,0,0,0,0,1,0.0,0.0,0.0,0,0,0.0,0,0.0,0.0,0.0,59.7,0.0,0.0,0,0.0,0.0,0.0,0.0,0.0,0.0,0.0,0.0,0.0,0.0,0,0,0.0,0,0,0.0,0.0,0.0,0.0,0.0,0.0,0.0,0.0,0.0,0.0,None,0.0,0.0,0.0,0.0,0.0,0.0,0.0,1.0,0.0,5.0,0.0,0.0,0.0,0,0,0.0,0.0,0,0.0,0.0,0.0,0.0,0.0,0,0.0,0.0,0.0,0.0,0.0,0.0,0.0,0.0,0.0,0.0,0.0,0.0,0.0,0.0,0.0,0.0,0.0,0.0,0.0,0
ERC_REST,ERC_REST_trans_light_duty_1,trans_light_duty,1,130,2,0.0,0,0,0,0,1,0.0,0.0,0.0,0,0,0.0,0,0.0,0.0,0.0,6657.9,0.0,0.0,0,0.0,0.0,0.0,0.0,0.0,0.0,0.0,0.0,0.0,0.0,0,0,0.0,0,0,0.0,0.0,0.0,0.0,0.0,0.0,0.0,0.0,0.0,0.0,None,0.0,0.0,0.0,0.0,0.0,0.0,0.0,1.0,0.0,5.0,0.0,0.0,0.0,0,0,0.0,0.0,0,0.0,0.0,0.0,0.0,0.0,0,0.0,0.0,0.0,0.0,0.0,0.0,0.0,0.0,0.0,0.0,0.0,0.0,0.0,0.0,0.0,0.0,0.0,0.0,0.0,0
ERC_WEST,ERC_WEST_trans_light_duty_1,trans_light_duty,1,131,3,0.0,0,0,0,0,1,0.0,0.0,0.0,0,0,0.0,0,0.0,0.0,0.0,301.7,0.0,0.0,0,0.0,0.0,0.0,0.0,0.0,0.0,0.0,0.0,0.0,0.0,0,0,0.0,0,0,0.0,0.0,0.0,0.0,0.0,0.0,0.0,0.0,0.0,0.0,None,0.0,0.0,0.0,0.0,0.0,0.0,0.0,1.0,0.0,5.0,0.0,0.0,0.0,0,0,0.0,0.0,0,0.0,0.0,0.0,0.0,0.0,0,0.0,0.0,0.0,0.0,0.0,0.0,0.0,0.0,0.0,0.0,0.0,0.0,0.0,0.0,0.0,0.0,0.0,0.0,0.0,0
