Voll,Demand_Segment,Cost_of_Demand_Curtailment_per_MW,Max_Demand_Curtailment,$/MWh,Rep_Periods,Timesteps_per_Rep_Period,Sub_Weights,Time_Index,Load_MW_z1,Load_MW_z2,Load_MW_z3,Load_MW_z4,Load_MW_z5,Load_MW_z6,Load_MW_z7,Load_MW_z8,Load_MW_z9,Load_MW_z10,Load_MW_z11
9000,1,1,1,9000,4,120,3480,1,12527,1098,832,1648,189,1019,1811,5244,1629,14985,59316
,2,0.067,0.075,603,,,2280,2,11622,1048,794,1573,179,973,1728,4968,1542,14202,56701
,,,,,,,2880,3,11114,1016,770,1525,174,943,1676,4803,1491,13824,55586
,,,,,,,120,4,10917,1003,759,1506,171,931,1655,4761,1481,13758,55442
,,,,,,,,5,10722,1014,768,1522,174,941,1673,4846,1508,14018,56593
,,,,,,,,6,11112,1080,818,1620,185,1001,1782,5197,1622,15232,60818
,,,,,,,,7,13171,1222,926,1833,210,1131,2021,6021,1896,17554,68142
,,,,,,,,8,15230,1344,1018,2016,230,1245,2223,6632,2089,19070,72966
,,,,,,,,9,15366,1398,1059,2097,240,1295,2309,6820,2138,19370,74843
,,,,,,,,10,15291,1440,1090,2160,247,1335,2375,6960,2172,19594,75733
,,,,,,,,11,15480,1473,1115,2209,252,1366,2431,7132,2227,19849,76723
,,,,,,,,12,12662,1384,1047,2075,236,1284,2277,6551,2025,17235,75906
,,,,,,,,13,12355,1374,1041,2062,235,1275,2261,6482,1999,17013,75547
,,,,,,,,14,12183,1373,1040,2059,235,1274,2259,6471,1996,16597,74040
,,,,,,,,15,12659,1376,1042,2065,235,1277,2266,6492,2004,16778,74368
,,,,,,,,16,13194,1398,1058,2096,240,1296,2302,6646,2056,17475,75263
,,,,,,,,17,13812,1407,1065,2111,241,1305,2319,6764,2098,17881,76789
,,,,,,,,18,14171,1416,1072,2123,243,1312,2335,6910,2151,18037,76897
,,,,,,,,19,13193,1340,1015,2011,229,1243,2208,6524,2023,15762,72769
,,,,,,,,20,12726,1343,1017,2015,230,1246,2215,6567,2039,14936,69254
,,,,,,,,21,13577,1405,1064,2108,241,1303,2318,6922,2156,15970,70726
,,,,,,,,22,13852,1363,1032,2045,233,1264,2249,6672,2075,16495,70345
,,,,,,,,23,13674,1279,968,1918,219,1186,2109,6209,1931,16521,66567
,,,,,,,,24,13338,1187,898,1780,203,1100,1957,5708,1774,16232,63083
,,,,,,,,25,12442,1126,852,1688,193,1044,1857,5547,1727,15183,59540
,,,,,,,,26,11338,1063,805,1595,182,985,1753,5201,1618,14153,56257
,,,,,,,,27,10837,1030,780,1546,177,955,1699,5040,1567,13694,55020
,,,,,,,,28,10540,1013,767,1519,174,938,1670,4970,1548,13431,54443
,,,,,,,,29,10351,1012,766,1519,174,938,1670,4978,1550,13356,54703
,,,,,,,,30,10629,1039,786,1558,178,963,1715,5134,1602,13830,56403
,,,,,,,,31,11457,1084,821,1627,185,1004,1792,5429,1702,14455,58831
,,,,,,,,32,11649,1121,848,1681,192,1037,1851,5674,1782,15262,61306
,,,,,,,,33,12293,1209,915,1813,207,1120,1998,6161,1934,16471,65188
,,,,,,,,34,13432,1290,977,1935,222,1195,2133,6595,2071,17540,68741
,,,,,,,,35,14371,1345,1018,2019,230,1246,2224,6905,2168,18198,71154
,,,,,,,,36,14125,1361,1031,2043,233,1261,2250,6976,2186,16313,70267
,,,,,,,,37,13264,1336,1012,2004,229,1238,2206,6810,2128,15449,69119
,,,,,,,,38,13005,1285,973,1927,219,1191,2118,6487,2017,15257,68039
,,,,,,,,39,11612,1272,963,1908,217,1179,2096,6395,1984,16154,68432
,,,,,,,,40,11557,1275,965,1913,218,1182,2102,6421,1993,16301,68210
,,,,,,,,41,11752,1289,976,1933,220,1195,2124,6508,2021,16892,69100
,,,,,,,,42,12033,1279,968,1918,219,1187,2108,6469,2006,17260,68734
,,,,,,,,43,12079,1274,965,1912,218,1181,2101,6478,2011,16306,68459
,,,,,,,,44,12102,1277,967,1915,218,1184,2105,6487,2012,17136,68700
,,,,,,,,45,12783,1355,1026,2032,232,1256,2234,6922,2153,18360,70135
,,,,,,,,46,14414,1322,1000,1983,227,1225,2182,6767,2109,18230,69553
,,,,,,,,47,14511,1288,976,1932,220,1194,2126,6548,2045,17570,66640
,,,,,,,,48,13805,1227,929,1842,210,1138,2027,6171,1929,16538,63259
,,,,,,,,49,13100,1161,879,1741,199,1076,1916,5801,1815,15076,59678
,,,,,,,,50,12130,1105,836,1657,190,1024,1825,5501,1722,14082,57167
,,,,,,,,51,11688,1074,813,1611,184,995,1774,5360,1680,13621,56134
,,,,,,,,52,11371,1058,801,1587,181,980,1749,5315,1669,13403,55377
,,,,,,,,53,11135,1056,799,1583,181,978,1745,5321,1672,13337,55312
,,,,,,,,54,11138,1067,808,1601,183,988,1766,5396,1698,13671,56218
,,,,,,,,55,11379,1088,823,1631,186,1007,1799,5538,1746,14051,58037
,,,,,,,,56,11214,1109,839,1664,190,1027,1836,5702,1801,14508,59513
,,,,,,,,57,11715,1190,901,1785,203,1101,1970,6158,1946,15700,62882
,,,,,,,,58,12823,1267,959,1900,217,1173,2097,6564,2072,16901,66248
,,,,,,,,59,13885,1323,1001,1984,227,1225,2190,6867,2167,17778,68326
,,,,,,,,60,14173,1346,1019,2020,231,1246,2226,6960,2189,17849,69202
,,,,,,,,61,14473,1339,1014,2009,229,1241,2213,6897,2163,18241,69457
,,,,,,,,62,14212,1345,1018,2017,230,1246,2222,6908,2166,17870,69262
,,,,,,,,63,14239,1349,1022,2023,231,1249,2228,6906,2162,17660,68506
,,,,,,,,64,14243,1358,1029,2038,233,1259,2244,6968,2183,17753,68638
,,,,,,,,65,14664,1382,1046,2072,236,1279,2282,7101,2225,18386,70130
,,,,,,,,66,15003,1408,1066,2112,242,1305,2327,7277,2282,18775,70986
,,,,,,,,67,15946,1424,1078,2136,244,1319,2353,7383,2316,19480,72476
,,,,,,,,68,16470,1457,1104,2186,250,1350,2408,7563,2373,20458,73866
,,,,,,,,69,16862,1471,1114,2207,252,1362,2431,7632,2393,20583,75556
,,,,,,,,70,16616,1423,1077,2135,244,1318,2353,7399,2325,19789,73540
,,,,,,,,71,15713,1343,1016,2014,230,1243,2221,6926,2178,18347,69991
,,,,,,,,72,14358,1256,951,1884,215,1163,2077,6413,2017,16982,66191
,,,,,,,,73,12442,1166,883,1750,200,1080,1928,5746,1804,15527,62085
,,,,,,,,74,11746,1132,857,1699,194,1049,1873,5572,1752,15120,60674
,,,,,,,,75,11367,1109,839,1664,190,1028,1834,5457,1717,14904,60168
,,,,,,,,76,11259,1107,837,1660,190,1025,1830,5470,1725,15066,60826
,,,,,,,,77,11152,1118,847,1678,192,1035,1850,5555,1752,15536,62851
,,,,,,,,78,11672,1195,905,1793,205,1107,1978,5967,1885,16980,68174
,,,,,,,,79,14563,1378,1043,2068,236,1275,2286,7019,2235,20016,76674
,,,,,,,,80,18021,1521,1151,2281,261,1406,2522,7747,2468,21787,81460
,,,,,,,,81,18367,1567,1187,2351,268,1450,2596,7877,2496,21958,82579
,,,,,,,,82,18010,1589,1203,2384,273,1471,2628,7888,2486,21820,82073
,,,,,,,,83,17851,1597,1209,2396,274,1478,2641,7925,2497,21897,81975
,,,,,,,,84,17278,1586,1202,2380,272,1469,2622,7814,2455,20143,80039
,,,,,,,,85,17367,1579,1195,2368,271,1463,2608,7751,2433,20600,77528
,,,,,,,,86,16754,1563,1182,2343,267,1448,2581,7650,2399,20670,77239
,,,,,,,,87,16373,1542,1167,2314,264,1429,2547,7534,2359,20738,76896
,,,,,,,,88,16682,1555,1177,2333,266,1440,2569,7636,2396,20646,77329
,,,,,,,,89,17501,1599,1211,2399,274,1482,2644,7941,2497,21802,78665
,,,,,,,,90,18791,1640,1242,2462,281,1519,2715,8262,2605,22900,80464
,,,,,,,,91,18629,1612,1221,2418,276,1492,2666,8118,2555,22121,78308
,,,,,,,,92,18873,1580,1196,2369,271,1463,2611,7934,2493,21350,76391
,,,,,,,,93,19932,1592,1206,2389,273,1475,2634,8021,2522,22270,77934
,,,,,,,,94,17013,1447,1095,2170,248,1340,2387,7144,2229,21029,76577
,,,,,,,,95,15012,1334,1010,2001,229,1237,2202,6551,2045,19247,72334
,,,,,,,,96,14161,1262,955,1893,216,1170,2085,6208,1945,17979,68469
,,,,,,,,97,13232,1184,897,1777,202,1097,1957,5826,1828,16800,64874
,,,,,,,,98,12369,1145,867,1718,196,1061,1893,5624,1767,16309,63200
,,,,,,,,99,11938,1118,847,1679,192,1036,1850,5492,1727,16124,62558
,,,,,,,,100,11798,1116,845,1674,192,1033,1846,5507,1734,16248,62923
,,,,,,,,101,11668,1130,856,1696,194,1047,1870,5611,1769,16667,64976
,,,,,,,,102,12242,1212,917,1817,208,1122,2006,6045,1910,18165,70180
,,,,,,,,103,15452,1385,1048,2077,238,1280,2297,7049,2244,20910,78110
,,,,,,,,104,18945,1523,1154,2285,261,1409,2528,7764,2474,22283,81790
,,,,,,,,105,19001,1558,1180,2337,267,1442,2582,7843,2486,22001,81246
,,,,,,,,106,18330,1567,1187,2351,268,1451,2593,7790,2456,21387,79623
,,,,,,,,107,17792,1573,1191,2359,269,1456,2602,7815,2464,21099,78884
,,,,,,,,108,15379,1535,1162,2303,263,1422,2537,7547,2369,17134,74401
,,,,,,,,109,15552,1473,1115,2210,252,1366,2432,7163,2237,16155,72286
,,,,,,,,110,14839,1444,1094,2167,247,1339,2383,6983,2177,15803,71168
,,,,,,,,111,14905,1441,1092,2162,247,1337,2377,6964,2170,15962,71153
,,,,,,,,112,14815,1484,1124,2226,255,1375,2450,7246,2267,16780,71775
,,,,,,,,113,16107,1497,1133,2245,257,1387,2472,7361,2305,17553,72944
,,,,,,,,114,17197,1524,1154,2286,261,1411,2519,7601,2387,18837,74428
,,,,,,,,115,16973,1489,1128,2235,256,1380,2461,7423,2325,18192,71975
,,,,,,,,116,16855,1501,1137,2252,258,1391,2480,7497,2350,17923,70652
,,,,,,,,117,17589,1570,1189,2356,269,1455,2596,7900,2483,19023,73053
,,,,,,,,118,15879,1422,1077,2134,244,1319,2347,6996,2178,19954,73155
,,,,,,,,119,15431,1347,1020,2021,231,1248,2224,6629,2071,18585,68782
,,,,,,,,120,14746,1263,957,1896,216,1171,2088,6216,1947,17390,65565
,,,,,,,,121,13511,1394,1056,2091,239,1291,2304,7031,2209,19733,69986
,,,,,,,,122,12351,1328,1006,1992,228,1230,2192,6604,2065,18397,65984
,,,,,,,,123,11801,1278,968,1918,219,1186,2110,6342,1980,17606,63711
,,,,,,,,124,11438,1245,943,1868,213,1155,2056,6159,1921,17057,62182
,,,,,,,,125,11168,1226,928,1839,210,1137,2022,6035,1878,16722,61409
,,,,,,,,126,11086,1225,927,1837,210,1135,2021,6037,1880,16809,61722
,,,,,,,,127,11140,1221,925,1831,209,1131,2015,6062,1893,16995,62814
,,,,,,,,128,11124,1225,928,1837,210,1134,2025,6210,1951,17494,64198
,,,,,,,,129,11772,1312,994,1970,225,1215,2172,6731,2121,19027,68753
,,,,,,,,130,13065,1420,1075,2129,244,1314,2350,7339,2317,20716,74611
,,,,,,,,131,14160,1505,1140,2258,258,1393,2495,7869,2495,22218,79248
,,,,,,,,132,12486,1496,1132,2243,257,1385,2474,7760,2448,22331,82596
,,,,,,,,133,13106,1552,1175,2328,266,1437,2570,8092,2559,22995,84975
,,,,,,,,134,12388,1551,1174,2325,266,1435,2568,8100,2564,22617,86780
,,,,,,,,135,12673,1579,1195,2368,271,1460,2617,8283,2629,22570,87243
,,,,,,,,136,13648,1575,1193,2364,271,1458,2613,8305,2637,22479,87691
,,,,,,,,137,14003,1574,1192,2362,271,1456,2611,8322,2647,22455,87390
,,,,,,,,138,13177,1533,1160,2299,263,1418,2542,8108,2577,22189,85344
,,,,,,,,139,14267,1491,1129,2238,256,1380,2472,7873,2496,22139,83765
,,,,,,,,140,14317,1506,1141,2259,259,1393,2496,7951,2518,22700,83993
,,,,,,,,141,14822,1555,1178,2334,266,1439,2577,8186,2589,22633,82511
,,,,,,,,142,15196,1548,1172,2321,265,1433,2563,8119,2567,22488,81011
,,,,,,,,143,14725,1504,1139,2255,258,1392,2488,7797,2461,21710,76983
,,,,,,,,144,14375,1438,1089,2157,246,1331,2380,7361,2320,20252,72020
,,,,,,,,145,12859,1347,1019,2021,231,1248,2224,6549,2048,18462,67249
,,,,,,,,146,11943,1293,979,1941,222,1199,2134,6206,1933,17447,63951
,,,,,,,,147,11361,1251,947,1876,214,1160,2062,5959,1853,16850,61935
,,,,,,,,148,11034,1228,930,1842,210,1139,2024,5832,1812,16569,60868
,,,,,,,,149,10830,1220,924,1830,209,1131,2010,5789,1797,16580,60702
,,,,,,,,150,10902,1235,935,1852,211,1145,2036,5882,1829,17112,61803
,,,,,,,,151,11474,1257,952,1886,215,1165,2076,6105,1911,18024,63854
,,,,,,,,152,11884,1286,974,1929,220,1192,2125,6303,1978,18617,65700
,,,,,,,,153,12386,1367,1034,2050,234,1267,2257,6671,2090,19645,70139
,,,,,,,,154,13301,1458,1105,2188,250,1352,2409,7114,2227,20904,76106
,,,,,,,,155,14359,1539,1165,2308,264,1425,2543,7546,2367,22051,81851
,,,,,,,,156,13516,1570,1189,2356,269,1455,2596,7733,2429,22426,86104
,,,,,,,,157,13322,1565,1184,2347,268,1450,2585,7685,2412,22536,87897
,,,,,,,,158,12071,1606,1215,2409,276,1487,2656,7956,2506,21884,89924
,,,,,,,,159,12387,1578,1194,2366,271,1460,2609,7813,2461,21706,91655
,,,,,,,,160,13025,1569,1188,2353,269,1452,2595,7811,2464,22164,93556
,,,,,,,,161,13699,1592,1206,2388,273,1473,2636,8025,2540,22485,95578
,,,,,,,,162,14500,1589,1204,2384,273,1471,2633,8086,2563,23093,96489
,,,,,,,,163,13920,1566,1186,2350,268,1450,2594,7986,2529,22931,92731
,,,,,,,,164,13008,1560,1181,2341,267,1444,2583,7935,2506,22342,88704
,,,,,,,,165,14264,1600,1211,2401,275,1482,2648,8129,2565,22676,88487
,,,,,,,,166,15821,1556,1178,2335,267,1441,2575,7836,2466,22023,85314
,,,,,,,,167,15280,1488,1126,2232,255,1378,2458,7388,2320,20595,79668
,,,,,,,,168,14360,1398,1058,2096,240,1294,2308,6859,2150,19212,75111
,,,,,,,,169,12789,1321,1000,1981,226,1224,2180,6408,2003,17781,70492
,,,,,,,,170,11832,1273,963,1909,218,1179,2099,6116,1907,16988,67275
,,,,,,,,171,11346,1241,939,1861,212,1150,2045,5915,1841,16493,65266
,,,,,,,,172,11170,1231,932,1847,211,1142,2030,5852,1818,16378,64666
,,,,,,,,173,11062,1241,939,1862,212,1151,2045,5901,1831,16599,65793
,,,,,,,,174,11476,1310,992,1965,225,1214,2160,6273,1950,17908,70289
,,,,,,,,175,12800,1444,1094,2168,247,1339,2386,7050,2207,20447,78699
,,,,,,,,176,15197,1574,1192,2362,269,1458,2602,7776,2442,22211,84471
,,,,,,,,177,16124,1689,1279,2534,290,1565,2792,8344,2621,23399,88546
,,,,,,,,178,16453,1778,1346,2667,305,1647,2940,8802,2768,24605,92596
,,,,,,,,179,16947,1859,1407,2788,318,1720,3074,9260,2921,25785,96971
,,,,,,,,180,16863,1903,1441,2856,327,1762,3151,9537,3013,26181,100965
,,,,,,,,181,16966,1907,1443,2859,327,1765,3156,9569,3026,26901,104349
,,,,,,,,182,16709,1921,1454,2880,329,1777,3181,9678,3067,27095,107019
,,,,,,,,183,16471,1921,1454,2881,329,1778,3183,9722,3086,27163,108390
,,,,,,,,184,17010,1911,1447,2866,328,1767,3169,9736,3098,27686,110360
,,,,,,,,185,17713,1882,1425,2824,323,1741,3122,9660,3078,27078,112140
,,,,,,,,186,18353,1872,1417,2807,322,1731,3106,9695,3095,27533,111135
,,,,,,,,187,18000,1827,1383,2740,313,1689,3029,9461,3014,26404,105197
,,,,,,,,188,17512,1797,1360,2696,309,1663,2978,9246,2935,25715,100067
,,,,,,,,189,18142,1832,1387,2748,314,1695,3035,9422,2987,26438,98769
,,,,,,,,190,17877,1752,1326,2628,300,1622,2901,8911,2815,24891,94961
,,,,,,,,191,16926,1652,1251,2478,283,1530,2733,8299,2617,23533,87516
,,,,,,,,192,15576,1542,1167,2314,264,1428,2550,7650,2406,21931,81074
,,,,,,,,193,14013,1449,1096,2172,248,1342,2392,7088,2221,20251,75104
,,,,,,,,194,13197,1393,1055,2091,239,1292,2300,6736,2103,19231,70806
,,,,,,,,195,12725,1353,1024,2029,231,1254,2232,6484,2020,18599,68308
,,,,,,,,196,12573,1334,1010,2000,228,1237,2199,6369,1980,18396,67239
,,,,,,,,197,12475,1340,1014,2009,229,1242,2208,6402,1989,18577,67946
,,,,,,,,198,12940,1406,1065,2110,241,1304,2319,6764,2105,19874,71789
,,,,,,,,199,14265,1553,1176,2330,266,1439,2565,7606,2383,22651,79616
,,,,,,,,200,16665,1676,1269,2514,288,1552,2771,8318,2617,24361,84529
,,,,,,,,201,17827,1783,1351,2676,306,1651,2949,8867,2793,25391,88222
,,,,,,,,202,18033,1851,1402,2777,317,1714,3063,9227,2910,26394,91857
,,,,,,,,203,18432,1906,1443,2859,327,1764,3155,9567,3027,27413,95563
,,,,,,,,204,18305,1946,1473,2919,333,1800,3223,9820,3112,27674,98327
,,,,,,,,205,17840,1937,1467,2905,332,1792,3209,9808,3115,27151,100893
,,,,,,,,206,17692,1934,1465,2902,332,1790,3207,9824,3123,27809,103498
,,,,,,,,207,17148,1902,1441,2855,327,1760,3155,9679,3079,28145,105382
,,,,,,,,208,17222,1921,1454,2881,330,1777,3187,9850,3141,28015,107519
,,,,,,,,209,17011,1921,1454,2880,330,1776,3187,9899,3160,28581,108879
,,,,,,,,210,17841,1907,1443,2859,327,1762,3165,9895,3161,27702,107794
,,,,,,,,211,17353,1797,1360,2695,309,1662,2980,9283,2954,26390,102119
,,,,,,,,212,16058,1718,1301,2577,295,1589,2846,8807,2790,25672,97606
,,,,,,,,213,16950,1769,1339,2653,304,1637,2930,9083,2878,24998,96536
,,,,,,,,214,17249,1704,1290,2555,292,1578,2821,8672,2742,23754,91859
,,,,,,,,215,16661,1552,1175,2328,266,1438,2567,7756,2440,21702,84566
,,,,,,,,216,15469,1480,1121,2220,254,1371,2447,7339,2309,20754,78847
,,,,,,,,217,14056,1374,1040,2061,235,1273,2270,6722,2108,18962,73373
,,,,,,,,218,12977,1305,987,1958,224,1209,2154,6305,1970,17759,69590
,,,,,,,,219,12318,1257,952,1886,215,1165,2074,6026,1879,17021,67130
,,,,,,,,220,12003,1237,936,1854,212,1146,2039,5902,1837,16660,66049
,,,,,,,,221,11808,1241,939,1862,212,1150,2045,5921,1841,16777,66742
,,,,,,,,222,12138,1303,986,1954,223,1207,2147,6251,1945,17942,70757
,,,,,,,,223,13328,1438,1089,2157,246,1333,2375,7033,2204,20348,78282
,,,,,,,,224,15311,1553,1176,2330,266,1438,2567,7680,2415,21863,82863
,,,,,,,,225,16272,1653,1252,2480,283,1531,2732,8170,2569,22775,86666
,,,,,,,,226,16580,1727,1308,2591,296,1600,2856,8546,2689,23519,90549
,,,,,,,,227,17039,1790,1355,2684,307,1656,2960,8910,2810,24439,94672
,,,,,,,,228,16329,1830,1386,2745,314,1694,3028,9156,2892,24537,97427
,,,,,,,,229,16063,1849,1400,2773,317,1712,3060,9265,2929,24149,98660
,,,,,,,,230,15350,1861,1409,2792,320,1722,3081,9331,2951,25058,101303
,,,,,,,,231,15790,1848,1399,2772,317,1711,3059,9263,2928,25296,103405
,,,,,,,,232,16272,1872,1417,2807,321,1732,3100,9458,2997,25170,105776
,,,,,,,,233,16904,1868,1415,2803,321,1729,3096,9511,3020,26064,107735
,,,,,,,,234,17251,1850,1401,2776,317,1712,3068,9499,3020,26717,107283
,,,,,,,,235,16690,1759,1331,2637,301,1628,2913,9013,2858,24865,101331
,,,,,,,,236,16129,1730,1310,2595,297,1601,2864,8840,2797,23962,95119
,,,,,,,,237,17185,1743,1320,2614,299,1613,2885,8892,2809,24092,93457
,,,,,,,,238,17855,1683,1274,2524,289,1558,2784,8512,2683,23797,89336
,,,,,,,,239,16959,1580,1196,2369,271,1463,2612,7876,2477,21402,82340
,,,,,,,,240,15338,1480,1121,2220,254,1371,2446,7308,2295,20273,76362
,,,,,,,,241,12947,1180,894,1771,202,1095,1946,5639,1751,16710,63997
,,,,,,,,242,11883,1127,853,1692,193,1046,1858,5333,1653,15796,60637
,,,,,,,,243,11261,1090,824,1634,186,1011,1795,5120,1586,15195,58746
,,,,,,,,244,10933,1073,813,1609,183,995,1768,5045,1563,15022,58091
,,,,,,,,245,10751,1075,814,1613,184,997,1771,5067,1570,15185,58668
,,,,,,,,246,11049,1114,844,1671,191,1033,1836,5288,1641,15999,61572
,,,,,,,,247,12094,1232,933,1848,211,1142,2035,5957,1862,17735,66036
,,,,,,,,248,14299,1395,1057,2094,240,1293,2305,6788,2126,19629,71617
,,,,,,,,249,15315,1483,1123,2224,254,1374,2448,7202,2252,20814,76181
,,,,,,,,250,15620,1549,1173,2324,265,1436,2556,7497,2340,21555,79984
,,,,,,,,251,15899,1594,1207,2391,273,1477,2631,7732,2416,22448,83571
,,,,,,,,252,15188,1535,1162,2302,263,1423,2530,7377,2293,19688,83555
,,,,,,,,253,15096,1551,1174,2326,265,1438,2559,7483,2331,19662,84560
,,,,,,,,254,14032,1604,1214,2406,275,1487,2648,7804,2438,20937,86438
,,,,,,,,255,13859,1588,1203,2382,272,1472,2621,7714,2409,21444,88207
,,,,,,,,256,14299,1604,1214,2405,275,1486,2649,7865,2464,21865,91077
,,,,,,,,257,14592,1621,1228,2433,278,1502,2681,8038,2526,22317,92849
,,,,,,,,258,15088,1609,1219,2414,276,1490,2661,8069,2542,22309,94406
,,,,,,,,259,14271,1503,1138,2254,258,1392,2483,7511,2358,20229,90561
,,,,,,,,260,13154,1411,1068,2117,242,1308,2328,6958,2171,19159,83672
,,,,,,,,261,12978,1385,1048,2077,238,1284,2283,6770,2104,18808,81294
,,,,,,,,262,13364,1407,1065,2111,241,1306,2319,6845,2122,19179,80494
,,,,,,,,263,13854,1334,1010,2000,228,1237,2197,6431,1992,18231,76098
,,,,,,,,264,14226,1286,974,1929,220,1193,2121,6202,1929,18067,71910
,,,,,,,,265,13069,1198,908,1798,206,1111,1975,5720,1775,16743,67278
,,,,,,,,266,11943,1131,856,1697,194,1049,1864,5347,1656,15689,63283
,,,,,,,,267,11232,1090,826,1635,186,1011,1796,5118,1584,15045,60610
,,,,,,,,268,10898,1069,810,1604,183,992,1761,5018,1553,14833,59463
,,,,,,,,269,10690,1068,810,1603,183,992,1761,5030,1558,14910,59625
,,,,,,,,270,10964,1105,836,1657,189,1025,1820,5233,1624,15574,62272
,,,,,,,,271,11989,1219,922,1829,209,1130,2012,5880,1836,17223,66550
,,,,,,,,272,14240,1379,1045,2070,236,1278,2278,6703,2098,19256,72988
,,,,,,,,273,15219,1490,1128,2235,256,1380,2460,7239,2264,20571,78614
,,,,,,,,274,15537,1568,1188,2352,268,1453,2587,7597,2372,21350,83207
,,,,,,,,275,15925,1621,1228,2433,278,1503,2677,7877,2462,22064,87654
,,,,,,,,276,13215,1547,1171,2320,265,1434,2549,7419,2303,19182,87643
,,,,,,,,277,13242,1559,1180,2339,267,1445,2570,7494,2328,19264,89446
,,,,,,,,278,13199,1576,1194,2365,271,1461,2600,7599,2364,19661,92059
,,,,,,,,279,13493,1598,1209,2397,274,1481,2635,7729,2408,20566,94833
,,,,,,,,280,14095,1625,1230,2438,279,1506,2683,7946,2484,21184,97562
,,,,,,,,281,14768,1662,1258,2493,284,1539,2746,8222,2581,21728,100021
,,,,,,,,282,15417,1648,1247,2471,282,1525,2724,8245,2594,21715,100117
,,,,,,,,283,14488,1520,1150,2279,261,1408,2511,7569,2372,20116,94718
,,,,,,,,284,13290,1420,1075,2129,243,1317,2342,6975,2173,18077,88207
,,,,,,,,285,13156,1380,1045,2071,236,1280,2275,6740,2092,17554,83981
,,,,,,,,286,13061,1400,1060,2099,240,1298,2306,6800,2107,18129,82768
,,,,,,,,287,13503,1340,1015,2011,229,1243,2208,6458,1999,17457,78594
,,,,,,,,288,14155,1313,994,1970,225,1218,2166,6329,1968,17569,74236
,,,,,,,,289,13328,1244,942,1866,213,1154,2050,6111,1897,16611,69403
,,,,,,,,290,12003,1164,881,1746,199,1080,1917,5649,1750,15426,64491
,,,,,,,,291,11385,1114,844,1672,191,1033,1836,5413,1677,14744,61630
,,,,,,,,292,11014,1089,823,1633,186,1010,1793,5287,1637,14319,59578
,,,,,,,,293,10721,1074,813,1611,183,996,1768,5203,1611,14089,58622
,,,,,,,,294,10816,1067,808,1602,183,991,1760,5196,1611,14091,58723
,,,,,,,,295,11067,1100,833,1650,189,1019,1814,5409,1682,14553,59761
,,,,,,,,296,11691,1182,896,1774,202,1096,1952,5916,1848,15746,63391
,,,,,,,,297,12678,1293,979,1940,222,1198,2136,6515,2038,17269,69722
,,,,,,,,298,13861,1392,1053,2088,239,1290,2299,7064,2212,18658,76399
,,,,,,,,299,14690,1469,1112,2204,251,1361,2426,7470,2339,19559,82363
,,,,,,,,300,12209,1414,1071,2121,242,1310,2330,7092,2203,16705,83976
,,,,,,,,301,12397,1444,1094,2167,247,1339,2382,7268,2257,16981,86881
,,,,,,,,302,12303,1459,1105,2189,250,1353,2406,7352,2286,17149,88685
,,,,,,,,303,12351,1474,1116,2211,252,1367,2431,7430,2310,17398,89823
,,,,,,,,304,12442,1489,1127,2234,255,1380,2456,7518,2339,17794,91053
,,,,,,,,305,13234,1496,1132,2244,257,1387,2467,7559,2352,18211,92238
,,,,,,,,306,13258,1494,1131,2242,256,1386,2465,7597,2365,18018,90249
,,,,,,,,307,14091,1443,1093,2166,247,1338,2380,7324,2275,17526,87182
,,,,,,,,308,14103,1407,1065,2111,241,1305,2319,7118,2208,16867,83977
,,,,,,,,309,13885,1379,1045,2070,236,1279,2272,6949,2150,16591,81197
,,,,,,,,310,12989,1406,1064,2109,241,1304,2317,7095,2201,17251,80088
,,,,,,,,311,14197,1360,1030,2041,233,1261,2242,6837,2122,17102,76462
,,,,,,,,312,14035,1326,1004,1990,227,1230,2188,6613,2058,17389,72503
,,,,,,,,313,12826,1239,938,1859,212,1149,2043,6094,1893,16148,67224
,,,,,,,,314,11673,1164,882,1747,199,1080,1918,5657,1753,15022,62858
,,,,,,,,315,11110,1122,849,1682,192,1040,1848,5452,1689,14427,60045
,,,,,,,,316,10765,1091,827,1637,186,1012,1798,5305,1644,14033,58337
,,,,,,,,317,10498,1077,816,1616,184,999,1775,5225,1618,13819,57145
,,,,,,,,318,10443,1064,805,1597,182,987,1753,5177,1605,13821,56878
,,,,,,,,319,10373,1067,808,1601,183,990,1760,5241,1629,13967,57007
,,,,,,,,320,10590,1115,845,1673,191,1034,1842,5573,1741,14832,59648
,,,,,,,,321,11301,1205,912,1807,207,1116,1989,6066,1898,16017,64828
,,,,,,,,322,12441,1290,977,1935,222,1195,2133,6556,2056,17224,70049
,,,,,,,,323,13275,1359,1029,2039,233,1259,2246,6929,2174,18120,74714
,,,,,,,,324,11618,1366,1033,2048,234,1265,2255,6930,2168,17430,76283
,,,,,,,,325,11197,1390,1052,2086,239,1289,2297,7075,2212,17289,78384
,,,,,,,,326,10978,1399,1059,2098,240,1295,2310,7125,2230,17204,79839
,,,,,,,,327,10930,1403,1062,2105,241,1300,2317,7151,2238,17075,81103
,,,,,,,,328,11091,1412,1069,2120,242,1309,2334,7212,2259,17602,81987
,,,,,,,,329,11449,1400,1060,2099,240,1296,2311,7135,2232,18243,83212
,,,,,,,,330,11737,1393,1055,2090,239,1291,2301,7134,2232,17430,82519
,,,,,,,,331,12009,1362,1031,2043,233,1262,2249,6981,2183,16619,81595
,,,,,,,,332,12118,1302,985,1952,223,1207,2146,6611,2057,15562,79007
,,,,,,,,333,12114,1345,1018,2019,230,1247,2220,6841,2127,15856,77015
,,,,,,,,334,12949,1366,1033,2047,233,1265,2251,6917,2151,16862,77086
,,,,,,,,335,13537,1316,996,1974,225,1220,2169,6630,2061,16709,74237
,,,,,,,,336,13930,1277,967,1916,218,1184,2107,6383,1989,16824,70900
,,,,,,,,337,12303,1179,893,1769,202,1094,1944,5621,1743,15528,66263
,,,,,,,,338,11383,1123,850,1685,192,1042,1850,5305,1643,14706,62857
,,,,,,,,339,10861,1086,822,1630,186,1008,1790,5098,1578,14221,61003
,,,,,,,,340,10663,1072,811,1607,183,994,1764,5027,1556,14124,60301
,,,,,,,,341,10513,1077,815,1615,184,999,1774,5067,1569,14330,60966
,,,,,,,,342,10884,1121,848,1681,192,1040,1847,5309,1648,15195,64273
,,,,,,,,343,12286,1231,932,1847,211,1141,2031,5937,1853,16920,69637
,,,,,,,,344,14615,1388,1050,2081,238,1286,2291,6738,2109,18920,76713
,,,,,,,,345,15395,1488,1127,2232,255,1379,2456,7216,2254,19976,82442
,,,,,,,,346,15666,1557,1179,2337,267,1444,2570,7518,2344,20554,87238
,,,,,,,,347,16048,1609,1219,2414,276,1491,2656,7788,2430,21264,92387
,,,,,,,,348,15196,1612,1220,2417,276,1493,2658,7782,2424,21103,95516
,,,,,,,,349,15394,1618,1225,2426,277,1500,2668,7802,2429,21010,97825
,,,,,,,,350,14684,1608,1218,2413,276,1491,2651,7725,2400,20541,100023
,,,,,,,,351,13737,1600,1211,2400,274,1484,2636,7659,2375,19908,101693
,,,,,,,,352,14215,1637,1240,2456,280,1518,2699,7919,2464,20689,103496
,,,,,,,,353,14967,1655,1253,2483,283,1534,2730,8058,2512,21149,105179
,,,,,,,,354,15889,1648,1247,2471,282,1526,2718,8107,2531,21814,105024
,,,,,,,,355,15080,1532,1160,2299,262,1421,2526,7495,2328,21112,100461
,,,,,,,,356,14041,1451,1098,2176,248,1345,2389,7023,2172,19858,94626
,,,,,,,,357,14086,1445,1094,2169,247,1341,2380,7000,2164,20338,92028
,,,,,,,,358,13813,1463,1108,2194,250,1357,2409,7087,2192,20574,89786
,,,,,,,,359,14013,1387,1049,2080,238,1286,2284,6681,2069,18913,84180
,,,,,,,,360,14242,1305,988,1958,224,1210,2152,6268,1945,17625,78553
,,,,,,,,361,16921,1295,981,1943,222,1199,2146,6681,2115,17057,64043
,,,,,,,,362,16254,1247,944,1870,214,1154,2066,6419,2035,16311,61943
,,,,,,,,363,15781,1207,914,1811,207,1117,2001,6240,1981,15900,60760
,,,,,,,,364,15350,1163,880,1744,199,1075,1928,6038,1921,15776,60215
,,,,,,,,365,15175,1132,857,1698,194,1047,1878,5894,1877,15862,60241
,,,,,,,,366,15375,1123,850,1685,193,1039,1864,5858,1867,16178,61223
,,,,,,,,367,15781,1137,861,1705,195,1051,1887,5975,1909,16904,62933
,,,,,,,,368,15469,1137,861,1705,195,1051,1887,5978,1907,16913,64428
,,,,,,,,369,14945,1133,858,1700,194,1048,1881,5984,1908,17247,65750
,,,,,,,,370,15215,1150,871,1725,197,1064,1908,6068,1930,17511,66582
,,,,,,,,371,15732,1193,904,1790,205,1104,1979,6304,2002,17779,67132
,,,,,,,,372,15896,1224,927,1836,210,1133,2028,6433,2035,17813,67675
,,,,,,,,373,14852,1217,921,1826,209,1127,2014,6359,2005,16773,67558
,,,,,,,,374,13753,1191,902,1787,204,1103,1970,6179,1941,15325,66251
,,,,,,,,375,13754,1203,910,1804,206,1114,1987,6212,1946,15093,66211
,,,,,,,,376,13953,1213,918,1820,208,1124,2004,6285,1969,15709,66639
,,,,,,,,377,14275,1219,923,1828,209,1129,2014,6340,1987,17272,70290
,,,,,,,,378,15185,1265,957,1897,217,1172,2090,6622,2074,19123,74188
,,,,,,,,379,16239,1372,1039,2058,235,1271,2266,7162,2240,18309,76268
,,,,,,,,380,17653,1400,1060,2099,240,1297,2313,7329,2297,18436,76095
,,,,,,,,381,18676,1425,1079,2138,244,1320,2357,7473,2350,20119,76282
,,,,,,,,382,18402,1420,1075,2131,244,1315,2350,7436,2344,19982,75329
,,,,,,,,383,17904,1389,1052,2084,238,1286,2299,7229,2282,19050,72446
,,,,,,,,384,17008,1337,1012,2005,229,1237,2214,6911,2187,17852,68857
,,,,,,,,385,15055,1255,950,1883,215,1161,2079,6335,2008,16679,65852
,,,,,,,,386,14148,1185,898,1778,203,1097,1965,5991,1903,16236,64119
,,,,,,,,387,13619,1137,861,1706,195,1052,1886,5738,1823,16016,63677
,,,,,,,,388,13472,1111,841,1667,191,1028,1842,5624,1789,16234,64248
,,,,,,,,389,13442,1098,831,1647,188,1016,1821,5579,1777,16715,65849
,,,,,,,,390,13852,1107,838,1661,190,1024,1837,5637,1797,17643,68945
,,,,,,,,391,14538,1137,861,1705,195,1051,1887,5832,1863,19034,73139
,,,,,,,,392,15052,1194,904,1792,205,1104,1983,6126,1957,19744,76982
,,,,,,,,393,15253,1250,947,1876,215,1156,2075,6386,2036,20194,79223
,,,,,,,,394,15794,1300,984,1950,223,1203,2154,6583,2090,20586,81207
,,,,,,,,395,16541,1367,1035,2051,235,1265,2266,6954,2209,21159,83221
,,,,,,,,396,17002,1421,1076,2131,244,1315,2354,7221,2291,21290,84193
,,,,,,,,397,16431,1409,1067,2113,242,1304,2333,7107,2248,19933,83275
,,,,,,,,398,15752,1390,1052,2084,238,1286,2299,6964,2197,18251,81147
,,,,,,,,399,15877,1402,1062,2104,240,1298,2321,7053,2227,18685,81181
,,,,,,,,400,16413,1435,1086,2152,246,1328,2376,7278,2304,19606,82920
,,,,,,,,401,16695,1453,1100,2179,249,1344,2406,7438,2356,22246,87899
,,,,,,,,402,18317,1543,1169,2315,265,1428,2558,8008,2541,25502,95723
,,,,,,,,403,18617,1660,1257,2490,285,1536,2750,8613,2730,24044,94745
,,,,,,,,404,19527,1658,1255,2487,284,1535,2746,8573,2714,22589,91712
,,,,,,,,405,20491,1665,1260,2497,286,1540,2759,8630,2737,23989,91618
,,,,,,,,406,20239,1648,1248,2472,283,1525,2733,8563,2722,23703,90413
,,,,,,,,407,19502,1595,1208,2392,274,1475,2646,8285,2640,22193,86433
,,,,,,,,408,18524,1514,1146,2271,260,1400,2514,7878,2517,20864,82504
,,,,,,,,409,19024,1430,1082,2144,245,1321,2375,7471,2395,20155,79701
,,,,,,,,410,18246,1358,1028,2037,233,1255,2258,7107,2282,19725,78244
,,,,,,,,411,17952,1314,995,1970,226,1214,2184,6865,2205,19619,77919
,,,,,,,,412,17968,1291,978,1937,222,1193,2147,6768,2176,19899,78517
,,,,,,,,413,18356,1284,972,1926,220,1186,2136,6754,2173,20538,80527
,,,,,,,,414,19140,1317,997,1976,226,1216,2192,6959,2243,22221,85878
,,,,,,,,415,23973,1459,1105,2188,251,1346,2434,7868,2557,25782,96594
,,,,,,,,416,31550,1686,1277,2529,290,1556,2814,9112,2965,27916,102613
,,,,,,,,417,32180,1825,1382,2737,314,1684,3043,9789,3175,27561,101930
,,,,,,,,418,30868,1850,1401,2774,318,1708,3080,9821,3172,27067,100232
,,,,,,,,419,29654,1861,1409,2792,320,1719,3098,9872,3185,27090,99298
,,,,,,,,420,29148,1873,1418,2809,322,1730,3116,9897,3187,26925,98867
,,,,,,,,421,27294,1857,1406,2786,319,1716,3089,9784,3147,25422,97219
,,,,,,,,422,25706,1793,1358,2690,308,1657,2980,9380,3008,23879,94527
,,,,,,,,423,26059,1807,1368,2710,310,1669,3002,9461,3034,24110,93698
,,,,,,,,424,26750,1843,1395,2764,317,1703,3064,9695,3114,25325,95344
,,,,,,,,425,28854,1900,1439,2850,327,1755,3161,10089,3246,27335,100060
,,,,,,,,426,32280,2010,1522,3015,345,1856,3346,10798,3481,31180,107870
,,,,,,,,427,34649,2133,1615,3199,367,1970,3550,11449,3686,28637,108053
,,,,,,,,428,36672,2116,1602,3173,364,1954,3520,11340,3650,28317,104460
,,,,,,,,429,38916,2154,1631,3231,370,1989,3587,11608,3747,30441,104535
,,,,,,,,430,27584,1947,1474,2920,334,1799,3235,10314,3304,28568,101865
,,,,,,,,431,25427,1848,1399,2772,317,1708,3071,9757,3125,26729,96525
,,,,,,,,432,24495,1762,1334,2643,303,1628,2929,9308,2988,25250,91765
,,,,,,,,433,24135,1658,1255,2486,285,1531,2758,8793,2830,24351,88480
,,,,,,,,434,23196,1562,1183,2343,268,1443,2599,8286,2669,23864,86614
,,,,,,,,435,22852,1514,1147,2272,260,1399,2520,8021,2584,23707,86134
,,,,,,,,436,22808,1486,1125,2229,255,1372,2474,7889,2543,23820,86541
,,,,,,,,437,23300,1471,1114,2206,253,1358,2448,7824,2523,24374,88140
,,,,,,,,438,23993,1493,1131,2240,257,1379,2487,7969,2575,25951,93148
,,,,,,,,439,28529,1644,1245,2466,283,1516,2746,8979,2929,29517,102869
,,,,,,,,440,37529,1897,1436,2844,326,1749,3169,10373,3389,31686,107980
,,,,,,,,441,39134,2028,1535,3041,349,1870,3384,10990,3578,31203,106084
,,,,,,,,442,37235,2017,1527,3024,347,1861,3361,10795,3497,30400,102801
,,,,,,,,443,34827,2008,1521,3012,345,1854,3345,10707,3461,29705,100404
,,,,,,,,444,33569,2006,1519,3009,345,1853,3339,10639,3431,29024,97943
,,,,,,,,445,31359,1980,1499,2970,340,1829,3295,10463,3370,27214,94966
,,,,,,,,446,29075,1912,1448,2868,329,1767,3180,10040,3226,25160,91482
,,,,,,,,447,28710,1875,1420,2813,322,1733,3117,9814,3148,24887,89206
,,,,,,,,448,29400,1889,1430,2833,324,1745,3140,9912,3182,26156,90082
,,,,,,,,449,31745,1932,1463,2898,332,1785,3213,10231,3290,28436,93668
,,,,,,,,450,35612,2068,1566,3101,355,1909,3442,11104,3581,31367,100849
,,,,,,,,451,37431,2133,1615,3199,367,1970,3549,11429,3680,30531,100158
,,,,,,,,452,40111,2135,1617,3202,367,1972,3553,11435,3682,30053,97015
,,,,,,,,453,40869,2152,1629,3227,370,1987,3583,11589,3742,30586,96372
,,,,,,,,454,27508,1919,1453,2878,330,1774,3189,10145,3249,27799,93082
,,,,,,,,455,24740,1811,1371,2716,311,1673,3008,9525,3049,25540,86916
,,,,,,,,456,23729,1707,1293,2560,293,1577,2838,8987,2884,23884,81902
,,,,,,,,457,21917,1563,1184,2344,268,1444,2599,8229,2643,22562,78001
,,,,,,,,458,21037,1461,1106,2192,251,1350,2430,7699,2476,21930,76319
,,,,,,,,459,20615,1407,1065,2110,242,1300,2340,7402,2381,21662,75322
,,,,,,,,460,20409,1375,1041,2063,236,1270,2288,7245,2332,21625,75398
,,,,,,,,461,20662,1358,1028,2037,233,1254,2259,7168,2308,22009,76979
,,,,,,,,462,21224,1378,1044,2067,237,1273,2294,7298,2354,23419,81830
,,,,,,,,463,25868,1509,1143,2263,259,1392,2517,8143,2646,26842,90979
,,,,,,,,464,33853,1724,1306,2586,297,1591,2877,9310,3028,28958,96327
,,,,,,,,465,34255,1845,1397,2767,317,1703,3075,9846,3188,28411,94734
,,,,,,,,466,32264,1854,1404,2781,319,1713,3084,9752,3140,27581,91581
,,,,,,,,467,30472,1840,1394,2760,316,1700,3060,9661,3106,27093,88923
,,,,,,,,468,29281,1811,1372,2717,311,1674,3009,9429,3020,26079,86883
,,,,,,,,469,27757,1791,1356,2687,308,1656,2974,9281,2969,25412,84461
,,,,,,,,470,26013,1746,1322,2619,300,1614,2898,8996,2871,24895,81409
,,,,,,,,471,24788,1695,1283,2543,291,1568,2811,8681,2763,23596,78692
,,,,,,,,472,25088,1683,1275,2525,289,1557,2791,8621,2742,23283,79253
,,,,,,,,473,27141,1727,1307,2590,296,1597,2865,8943,2851,24874,82688
,,,,,,,,474,30494,1838,1391,2756,316,1699,3052,9668,3092,28594,89774
,,,,,,,,475,33145,1914,1449,2871,329,1770,3176,10034,3201,27315,89590
,,,,,,,,476,33913,1935,1465,2903,332,1789,3213,10173,3251,26877,87475
,,,,,,,,477,34933,1931,1462,2896,332,1784,3207,10184,3261,27294,87342
,,,,,,,,478,24178,1734,1313,2601,298,1604,2875,8967,2847,25158,85522
,,,,,,,,479,21783,1643,1244,2464,282,1520,2723,8456,2686,23397,80848
,,,,,,,,480,20638,1557,1179,2335,267,1440,2582,8011,2550,21857,76075
